station_id,bicis_disponibles,espacios_disponibles,esta_rentando,esta_recibiendo,timestamp_snapshot
1,3,34,1,1,2026-09-26T20:05:59
5,6,13,1,1,2026-09-26T20:05:59
6,5,22,1,1,2026-09-26T20:05:59
7,6,17,1,1,2026-09-26T20:05:59
8,4,27,1,1,2026-09-26T20:05:59
9,9,14,1,1,2026-09-26T20:05:59
10,3,20,1,1,2026-09-26T20:05:59
11,3,24,1,1,2026-09-26T20:05:59
12,9,18,1,1,2026-09-26T20:05:59
14,0,35,1,1,2026-09-26T20:05:59
15,2,21,0,0,2026-09-26T20:05:59
16,1,26,1,1,2026-09-26T20:05:59
17,4,19,1,1,2026-09-26T20:05:59
18,4,31,1,1,2026-09-26T20:05:59
19,4,12,1,1,2026-09-26T20:05:59
20,9,25,1,1,2026-09-26T20:05:59
21,13,6,1,1,2026-09-26T20:05:59
22,0,23,1,1,2026-09-26T20:05:59
23,0,35,1,1,2026-09-26T20:05:59
24,4,30,1,1,2026-09-26T20:05:59
25,0,23,1,1,2026-09-26T20:05:59
26,11,8,1,1,2026-09-26T20:05:59
27,19,2,1,1,2026-09-26T20:05:59
28,0,9,1,1,2026-09-26T20:05:59
29,9,22,1,1,2026-09-26T20:05:59
30,8,11,1,1,2026-09-26T20:05:59
31,15,0,1,1,2026-09-26T20:05:59
32,3,14,1,1,2026-09-26T20:05:59
33,1,26,1,1,2026-09-26T20:05:59
34,12,7,1,1,2026-09-26T20:05:59
35,2,29,1,1,2026-09-26T20:05:59
36,3,16,1,1,2026-09-26T20:05:59
37,4,24,1,1,2026-09-26T20:05:59
38,12,11,1,1,2026-09-26T20:05:59
39,2,17,1,1,2026-09-26T20:05:59
40,5,26,1,1,2026-09-26T20:05:59
41,8,14,1,1,2026-09-26T20:05:59
42,8,11,1,1,2026-09-26T20:05:59
43,4,15,1,1,2026-09-26T20:05:59
44,16,29,1,1,2026-09-26T20:05:59
45,14,11,1,1,2026-09-26T20:05:59
46,10,20,1,1,2026-09-26T20:05:59
47,9,14,1,1,2026-09-26T20:05:59
48,2,20,1,1,2026-09-26T20:05:59
49,4,55,1,1,2026-09-26T20:05:59
50,1,18,1,1,2026-09-26T20:05:59
51,0,27,1,1,2026-09-26T20:05:59
52,8,27,1,1,2026-09-26T20:05:59
53,3,19,1,1,2026-09-26T20:05:59
55,6,17,1,1,2026-09-26T20:05:59
56,7,28,1,1,2026-09-26T20:05:59
57,6,17,1,1,2026-09-26T20:05:59
58,12,18,1,1,2026-09-26T20:05:59
59,4,23,1,1,2026-09-26T20:05:59
60,6,21,1,1,2026-09-26T20:05:59
61,2,33,1,1,2026-09-26T20:05:59
62,0,34,1,1,2026-09-26T20:05:59
63,0,16,1,1,2026-09-26T20:05:59
64,4,26,1,1,2026-09-26T20:05:59
65,2,29,1,1,2026-09-26T20:05:59
66,8,19,1,1,2026-09-26T20:05:59
67,5,18,1,1,2026-09-26T20:05:59
68,6,17,1,1,2026-09-26T20:05:59
69,3,32,1,1,2026-09-26T20:05:59
70,10,9,1,1,2026-09-26T20:05:59
71,5,29,1,1,2026-09-26T20:05:59
72,4,25,1,1,2026-09-26T20:05:59
73,4,19,1,1,2026-09-26T20:05:59
74,5,10,1,1,2026-09-26T20:05:59
75,6,13,1,1,2026-09-26T20:05:59
76,4,22,1,1,2026-09-26T20:05:59
77,1,28,1,1,2026-09-26T20:05:59
78,10,13,1,1,2026-09-26T20:05:59
79,10,23,1,1,2026-09-26T20:05:59
80,4,19,1,1,2026-09-26T20:05:59
81,0,19,1,1,2026-09-26T20:05:59
82,4,22,1,1,2026-09-26T20:05:59
83,9,26,1,1,2026-09-26T20:05:59
84,27,6,1,1,2026-09-26T20:05:59
85,2,13,1,1,2026-09-26T20:05:59
86,0,27,1,1,2026-09-26T20:05:59
87,16,13,1,1,2026-09-26T20:05:59
88,17,5,1,1,2026-09-26T20:05:59
89,11,28,1,1,2026-09-26T20:05:59
90,3,22,1,1,2026-09-26T20:05:59
91,7,16,1,1,2026-09-26T20:05:59
92,12,2,1,1,2026-09-26T20:05:59
93,24,14,1,1,2026-09-26T20:05:59
94,11,16,1,1,2026-09-26T20:05:59
95,12,27,1,1,2026-09-26T20:05:59
96,6,33,1,1,2026-09-26T20:05:59
97,8,36,1,1,2026-09-26T20:05:59
98,9,26,1,1,2026-09-26T20:05:59
99,0,23,1,1,2026-09-26T20:05:59
100,3,18,1,1,2026-09-26T20:05:59
101,0,13,1,1,2026-09-26T20:05:59
102,0,26,1,1,2026-09-26T20:05:59
103,18,9,1,1,2026-09-26T20:05:59
104,12,45,1,1,2026-09-26T20:05:59
105,28,3,1,1,2026-09-26T20:05:59
106,0,0,0,0,2026-09-26T20:05:59
107,14,21,1,1,2026-09-26T20:05:59
108,22,13,1,1,2026-09-26T20:05:59
109,12,7,1,1,2026-09-26T20:05:59
110,13,7,1,1,2026-09-26T20:05:59
111,14,5,1,1,2026-09-26T20:05:59
112,4,11,1,1,2026-09-26T20:05:59
113,0,4,0,0,2026-09-26T20:05:59
114,8,23,1,1,2026-09-26T20:05:59
115,12,2,1,1,2026-09-26T20:05:59
116,8,19,1,1,2026-09-26T20:05:59
117,7,20,1,1,2026-09-26T20:05:59
119,0,0,0,0,2026-09-26T20:05:59
120,0,0,0,0,2026-09-26T20:05:59
121,15,8,1,1,2026-09-26T20:05:59
122,0,2,0,0,2026-09-26T20:05:59
123,22,0,1,1,2026-09-26T20:05:59
124,0,43,1,1,2026-09-26T20:05:59
125,6,22,1,1,2026-09-26T20:05:59
126,5,22,1,1,2026-09-26T20:05:59
127,20,13,1,1,2026-09-26T20:05:59
128,7,64,1,1,2026-09-26T20:05:59
129,2,32,1,1,2026-09-26T20:05:59
130,29,40,1,1,2026-09-26T20:05:59
131,12,11,1,1,2026-09-26T20:05:59
132,6,23,1,1,2026-09-26T20:05:59
133,4,20,1,1,2026-09-26T20:05:59
134,50,20,1,1,2026-09-26T20:05:59
135,2,38,1,1,2026-09-26T20:05:59
136,2,12,1,1,2026-09-26T20:05:59
137,5,8,1,1,2026-09-26T20:05:59
138,11,12,1,1,2026-09-26T20:05:59
139,15,11,1,1,2026-09-26T20:05:59
140,8,19,1,1,2026-09-26T20:05:59
141,24,50,1,1,2026-09-26T20:05:59
142,0,23,1,1,2026-09-26T20:05:59
143,9,18,1,1,2026-09-26T20:05:59
144,5,18,1,1,2026-09-26T20:05:59
145,10,21,1,1,2026-09-26T20:05:59
146,20,9,1,1,2026-09-26T20:05:59
147,3,16,1,1,2026-09-26T20:05:59
148,0,27,1,1,2026-09-26T20:05:59
149,14,13,1,1,2026-09-26T20:05:59
150,5,18,1,1,2026-09-26T20:05:59
151,8,19,1,1,2026-09-26T20:05:59
152,36,37,1,1,2026-09-26T20:05:59
153,4,19,1,1,2026-09-26T20:05:59
154,2,25,1,1,2026-09-26T20:05:59
155,5,21,1,1,2026-09-26T20:05:59
156,11,24,1,1,2026-09-26T20:05:59
157,11,8,1,1,2026-09-26T20:05:59
158,1,22,1,1,2026-09-26T20:05:59
159,8,19,1,1,2026-09-26T20:05:59
160,6,29,1,1,2026-09-26T20:05:59
161,0,27,1,1,2026-09-26T20:05:59
162,2,21,1,1,2026-09-26T20:05:59
163,1,22,1,1,2026-09-26T20:05:59
164,0,46,1,1,2026-09-26T20:05:59
165,4,17,1,1,2026-09-26T20:05:59
166,0,29,1,1,2026-09-26T20:05:59
167,8,4,1,1,2026-09-26T20:05:59
168,22,0,1,1,2026-09-26T20:05:59
169,24,6,1,1,2026-09-26T20:05:59
170,6,17,1,1,2026-09-26T20:05:59
171,17,19,1,1,2026-09-26T20:05:59
172,29,10,1,1,2026-09-26T20:05:59
173,15,20,1,1,2026-09-26T20:05:59
174,13,6,1,1,2026-09-26T20:05:59
175,12,18,1,1,2026-09-26T20:05:59
176,5,11,1,1,2026-09-26T20:05:59
177,10,12,1,1,2026-09-26T20:05:59
178,10,17,1,1,2026-09-26T20:05:59
179,9,22,1,1,2026-09-26T20:05:59
180,8,27,1,1,2026-09-26T20:05:59
181,7,12,1,1,2026-09-26T20:05:59
182,4,15,1,1,2026-09-26T20:05:59
183,9,10,1,1,2026-09-26T20:05:59
184,29,5,1,1,2026-09-26T20:05:59
185,6,5,1,1,2026-09-26T20:05:59
186,1,25,1,1,2026-09-26T20:05:59
187,0,23,1,1,2026-09-26T20:05:59
188,6,15,1,1,2026-09-26T20:05:59
189,4,15,1,1,2026-09-26T20:05:59
190,3,19,1,1,2026-09-26T20:05:59
191,2,16,1,1,2026-09-26T20:05:59
192,11,12,1,1,2026-09-26T20:05:59
193,17,17,1,1,2026-09-26T20:05:59
194,10,15,1,1,2026-09-26T20:05:59
195,9,18,1,1,2026-09-26T20:05:59
196,1,26,1,1,2026-09-26T20:05:59
197,15,7,1,1,2026-09-26T20:05:59
198,0,27,1,1,2026-09-26T20:05:59
199,4,30,1,1,2026-09-26T20:05:59
200,1,26,1,1,2026-09-26T20:05:59
201,8,23,1,1,2026-09-26T20:05:59
202,0,15,1,1,2026-09-26T20:05:59
203,16,11,1,1,2026-09-26T20:05:59
204,1,26,1,1,2026-09-26T20:05:59
205,21,9,1,1,2026-09-26T20:05:59
206,2,25,1,1,2026-09-26T20:05:59
207,4,27,1,1,2026-09-26T20:05:59
208,6,11,1,1,2026-09-26T20:05:59
209,7,12,1,1,2026-09-26T20:05:59
210,4,17,1,1,2026-09-26T20:05:59
211,12,7,1,1,2026-09-26T20:05:59
212,7,11,1,1,2026-09-26T20:05:59
213,3,15,1,1,2026-09-26T20:05:59
214,13,12,1,1,2026-09-26T20:05:59
215,8,14,1,1,2026-09-26T20:05:59
216,1,26,1,1,2026-09-26T20:05:59
217,3,20,1,1,2026-09-26T20:05:59
218,14,4,1,1,2026-09-26T20:05:59
219,6,20,1,1,2026-09-26T20:05:59
220,1,22,1,1,2026-09-26T20:05:59
221,1,18,1,1,2026-09-26T20:05:59
222,3,16,1,1,2026-09-26T20:05:59
223,9,10,1,1,2026-09-26T20:05:59
224,6,8,1,1,2026-09-26T20:05:59
225,0,1,0,0,2026-09-26T20:05:59
226,9,18,1,1,2026-09-26T20:05:59
227,10,13,1,1,2026-09-26T20:05:59
228,6,5,1,1,2026-09-26T20:05:59
229,8,19,1,1,2026-09-26T20:05:59
230,6,9,1,1,2026-09-26T20:05:59
231,5,20,1,1,2026-09-26T20:05:59
232,6,24,1,1,2026-09-26T20:05:59
233,13,5,1,1,2026-09-26T20:05:59
234,0,1,0,0,2026-09-26T20:05:59
235,1,26,1,1,2026-09-26T20:05:59
236,3,30,1,1,2026-09-26T20:05:59
237,7,15,1,1,2026-09-26T20:05:59
238,20,8,1,1,2026-09-26T20:05:59
239,12,11,1,1,2026-09-26T20:05:59
240,0,1,0,0,2026-09-26T20:05:59
241,17,13,1,1,2026-09-26T20:05:59
242,19,16,1,1,2026-09-26T20:05:59
243,6,23,1,1,2026-09-26T20:05:59
244,12,11,1,1,2026-09-26T20:05:59
245,10,24,1,1,2026-09-26T20:05:59
246,13,17,1,1,2026-09-26T20:05:59
247,4,58,1,1,2026-09-26T20:05:59
249,3,31,1,1,2026-09-26T20:05:59
250,3,8,1,1,2026-09-26T20:05:59
251,11,17,1,1,2026-09-26T20:05:59
252,0,55,1,1,2026-09-26T20:05:59
253,6,5,1,1,2026-09-26T20:05:59
254,5,17,1,1,2026-09-26T20:05:59
255,9,25,1,1,2026-09-26T20:05:59
256,0,0,0,0,2026-09-26T20:05:59
257,15,15,1,1,2026-09-26T20:05:59
258,8,25,1,1,2026-09-26T20:05:59
259,3,22,1,1,2026-09-26T20:05:59
260,0,2,0,0,2026-09-26T20:05:59
261,6,13,1,1,2026-09-26T20:05:59
262,6,26,1,1,2026-09-26T20:05:59
263,0,0,0,0,2026-09-26T20:05:59
264,1,34,1,1,2026-09-26T20:05:59
265,9,27,1,1,2026-09-26T20:05:59
266,0,13,1,1,2026-09-26T20:05:59
267,4,33,1,1,2026-09-26T20:05:59
268,22,16,1,1,2026-09-26T20:05:59
269,0,0,0,0,2026-09-26T20:05:59
270,7,26,1,1,2026-09-26T20:05:59
271,11,19,1,1,2026-09-26T20:05:59
272,7,16,1,1,2026-09-26T20:05:59
273,4,18,1,1,2026-09-26T20:05:59
275,1,18,1,1,2026-09-26T20:05:59
276,16,18,1,1,2026-09-26T20:05:59
277,9,20,1,1,2026-09-26T20:05:59
278,12,3,1,1,2026-09-26T20:05:59
279,0,6,0,0,2026-09-26T20:05:59
280,5,13,1,1,2026-09-26T20:05:59
281,6,9,1,1,2026-09-26T20:05:59
282,20,10,1,1,2026-09-26T20:05:59
283,1,21,1,1,2026-09-26T20:05:59
284,1,29,1,1,2026-09-26T20:05:59
285,2,13,1,1,2026-09-26T20:05:59
286,3,20,1,1,2026-09-26T20:05:59
287,2,17,1,1,2026-09-26T20:05:59
288,3,13,1,1,2026-09-26T20:05:59
289,2,27,1,1,2026-09-26T20:05:59
290,10,23,1,1,2026-09-26T20:05:59
291,1,13,1,1,2026-09-26T20:05:59
292,2,32,1,1,2026-09-26T20:05:59
293,8,23,1,1,2026-09-26T20:05:59
294,1,26,1,1,2026-09-26T20:05:59
295,0,3,0,0,2026-09-26T20:05:59
296,3,32,1,1,2026-09-26T20:05:59
297,11,14,1,1,2026-09-26T20:05:59
298,8,25,1,1,2026-09-26T20:05:59
299,2,20,1,1,2026-09-26T20:05:59
300,1,30,1,1,2026-09-26T20:05:59
301,5,17,1,1,2026-09-26T20:05:59
302,1,34,1,1,2026-09-26T20:05:59
303,8,19,1,1,2026-09-26T20:05:59
304,5,26,1,1,2026-09-26T20:05:59
305,39,0,1,1,2026-09-26T20:05:59
306,0,22,1,1,2026-09-26T20:05:59
307,2,37,1,1,2026-09-26T20:05:59
309,17,10,1,1,2026-09-26T20:05:59
311,6,9,1,1,2026-09-26T20:05:59
312,1,21,1,1,2026-09-26T20:05:59
313,74,1,1,1,2026-09-26T20:05:59
314,0,19,1,1,2026-09-26T20:05:59
315,8,17,1,1,2026-09-26T20:05:59
316,1,22,1,1,2026-09-26T20:05:59
317,7,19,1,1,2026-09-26T20:05:59
318,1,24,1,1,2026-09-26T20:05:59
319,1,22,1,1,2026-09-26T20:05:59
320,15,1,1,1,2026-09-26T20:05:59
321,1,14,1,1,2026-09-26T20:05:59
322,0,33,1,1,2026-09-26T20:05:59
323,0,0,0,0,2026-09-26T20:05:59
324,2,33,1,1,2026-09-26T20:05:59
325,9,23,1,1,2026-09-26T20:05:59
326,0,30,1,1,2026-09-26T20:05:59
327,0,27,1,1,2026-09-26T20:05:59
328,16,9,1,1,2026-09-26T20:05:59
329,12,18,1,1,2026-09-26T20:05:59
330,5,29,1,1,2026-09-26T20:05:59
331,4,16,1,1,2026-09-26T20:05:59
332,13,22,1,1,2026-09-26T20:05:59
333,10,17,1,1,2026-09-26T20:05:59
334,8,15,1,1,2026-09-26T20:05:59
335,8,6,1,1,2026-09-26T20:05:59
336,5,18,1,1,2026-09-26T20:05:59
337,19,3,1,1,2026-09-26T20:05:59
338,3,16,1,1,2026-09-26T20:05:59
339,0,34,1,1,2026-09-26T20:05:59
340,12,11,1,1,2026-09-26T20:05:59
341,14,11,1,1,2026-09-26T20:05:59
342,11,19,1,1,2026-09-26T20:05:59
343,5,13,1,1,2026-09-26T20:05:59
344,9,14,1,1,2026-09-26T20:05:59
345,15,12,1,1,2026-09-26T20:05:59
346,14,12,1,1,2026-09-26T20:05:59
347,11,11,1,1,2026-09-26T20:05:59
348,21,2,1,1,2026-09-26T20:05:59
349,9,17,1,1,2026-09-26T20:05:59
350,11,16,1,1,2026-09-26T20:05:59
352,0,0,0,0,2026-09-26T20:05:59
353,0,0,0,0,2026-09-26T20:05:59
354,7,11,1,1,2026-09-26T20:05:59
355,1,37,1,1,2026-09-26T20:05:59
356,7,11,1,1,2026-09-26T20:05:59
357,9,9,1,1,2026-09-26T20:05:59
358,2,20,1,1,2026-09-26T20:05:59
359,0,33,1,1,2026-09-26T20:05:59
360,1,21,1,1,2026-09-26T20:05:59
361,0,34,1,1,2026-09-26T20:05:59
362,18,5,1,1,2026-09-26T20:05:59
363,9,9,1,1,2026-09-26T20:05:59
364,2,24,1,1,2026-09-26T20:05:59
365,4,19,1,1,2026-09-26T20:05:59
366,4,19,1,1,2026-09-26T20:05:59
367,7,28,1,1,2026-09-26T20:05:59
368,7,12,1,1,2026-09-26T20:05:59
369,6,13,1,1,2026-09-26T20:05:59
370,7,28,1,1,2026-09-26T20:05:59
371,8,15,1,1,2026-09-26T20:05:59
372,14,1,1,1,2026-09-26T20:05:59
373,12,22,1,1,2026-09-26T20:05:59
374,8,27,1,1,2026-09-26T20:05:59
375,14,19,1,1,2026-09-26T20:05:59
376,12,21,1,1,2026-09-26T20:05:59
377,8,15,1,1,2026-09-26T20:05:59
378,11,12,1,1,2026-09-26T20:05:59
379,7,20,1,1,2026-09-26T20:05:59
380,9,21,1,1,2026-09-26T20:05:59
381,3,28,1,1,2026-09-26T20:05:59
382,5,22,1,1,2026-09-26T20:05:59
383,0,30,1,1,2026-09-26T20:05:59
384,5,16,1,1,2026-09-26T20:05:59
385,3,31,1,1,2026-09-26T20:05:59
386,1,26,1,1,2026-09-26T20:05:59
387,3,11,1,1,2026-09-26T20:05:59
388,1,18,1,1,2026-09-26T20:05:59
389,4,11,1,1,2026-09-26T20:05:59
390,4,23,1,1,2026-09-26T20:05:59
391,7,24,1,1,2026-09-26T20:05:59
392,8,19,1,1,2026-09-26T20:05:59
393,18,17,1,1,2026-09-26T20:05:59
394,4,19,1,1,2026-09-26T20:05:59
395,8,15,1,1,2026-09-26T20:05:59
396,1,26,1,1,2026-09-26T20:05:59
397,0,29,1,1,2026-09-26T20:05:59
398,0,22,1,1,2026-09-26T20:05:59
399,1,18,1,1,2026-09-26T20:05:59
400,9,24,1,1,2026-09-26T20:05:59
401,1,23,1,1,2026-09-26T20:05:59
402,0,19,1,1,2026-09-26T20:05:59
403,0,2,0,0,2026-09-26T20:05:59
404,5,30,1,1,2026-09-26T20:05:59
405,0,31,1,1,2026-09-26T20:05:59
406,4,15,1,1,2026-09-26T20:05:59
407,3,28,1,1,2026-09-26T20:05:59
408,2,24,1,1,2026-09-26T20:05:59
409,5,26,1,1,2026-09-26T20:05:59
410,2,20,1,1,2026-09-26T20:05:59
411,8,18,1,1,2026-09-26T20:05:59
412,10,13,1,1,2026-09-26T20:05:59
413,2,17,1,1,2026-09-26T20:05:59
414,5,20,1,1,2026-09-26T20:05:59
415,5,34,1,1,2026-09-26T20:05:59
416,11,8,1,1,2026-09-26T20:05:59
417,6,25,1,1,2026-09-26T20:05:59
418,5,10,1,1,2026-09-26T20:05:59
419,2,31,1,1,2026-09-26T20:05:59
420,9,28,1,1,2026-09-26T20:05:59
421,5,14,1,1,2026-09-26T20:05:59
422,1,18,1,1,2026-09-26T20:05:59
423,2,27,1,1,2026-09-26T20:05:59
424,18,9,1,1,2026-09-26T20:05:59
425,6,29,1,1,2026-09-26T20:05:59
426,4,15,1,1,2026-09-26T20:05:59
427,5,18,1,1,2026-09-26T20:05:59
428,8,11,1,1,2026-09-26T20:05:59
429,6,19,1,1,2026-09-26T20:05:59
430,6,18,1,1,2026-09-26T20:05:59
431,9,12,1,1,2026-09-26T20:05:59
432,1,30,1,1,2026-09-26T20:05:59
433,5,10,1,1,2026-09-26T20:05:59
434,0,18,1,1,2026-09-26T20:05:59
435,1,30,1,1,2026-09-26T20:05:59
436,19,0,1,1,2026-09-26T20:05:59
437,6,23,1,1,2026-09-26T20:05:59
438,1,22,1,1,2026-09-26T20:05:59
439,7,27,1,1,2026-09-26T20:05:59
440,0,23,1,1,2026-09-26T20:05:59
441,20,3,1,1,2026-09-26T20:05:59
442,15,3,1,1,2026-09-26T20:05:59
443,9,16,1,1,2026-09-26T20:05:59
444,6,13,1,1,2026-09-26T20:05:59
445,5,26,1,1,2026-09-26T20:05:59
446,0,0,0,0,2026-09-26T20:05:59
447,18,8,1,1,2026-09-26T20:05:59
448,2,29,1,1,2026-09-26T20:05:59
449,1,26,1,1,2026-09-26T20:05:59
450,4,19,1,1,2026-09-26T20:05:59
451,4,21,1,1,2026-09-26T20:05:59
452,0,34,1,1,2026-09-26T20:05:59
453,4,23,1,1,2026-09-26T20:05:59
454,2,25,1,1,2026-09-26T20:05:59
455,11,11,1,1,2026-09-26T20:05:59
456,13,4,1,1,2026-09-26T20:05:59
457,7,16,1,1,2026-09-26T20:05:59
458,6,9,1,1,2026-09-26T20:05:59
459,12,11,1,1,2026-09-26T20:05:59
460,10,9,1,1,2026-09-26T20:05:59
461,0,31,1,1,2026-09-26T20:05:59
462,6,21,1,1,2026-09-26T20:05:59
463,20,3,1,1,2026-09-26T20:05:59
464,8,16,1,1,2026-09-26T20:05:59
465,13,5,1,1,2026-09-26T20:05:59
466,1,34,1,1,2026-09-26T20:05:59
467,6,13,1,1,2026-09-26T20:05:59
468,26,4,1,1,2026-09-26T20:05:59
469,10,29,1,1,2026-09-26T20:05:59
470,7,16,1,1,2026-09-26T20:05:59
471,1,15,1,1,2026-09-26T20:05:59
472,4,17,1,1,2026-09-26T20:05:59
473,4,30,1,1,2026-09-26T20:05:59
474,6,13,1,1,2026-09-26T20:05:59
475,8,25,1,1,2026-09-26T20:05:59
476,8,19,1,1,2026-09-26T20:05:59
477,5,32,1,1,2026-09-26T20:05:59
478,8,15,1,1,2026-09-26T20:05:59
479,8,43,1,1,2026-09-26T20:05:59
480,11,23,1,1,2026-09-26T20:05:59
481,12,5,1,1,2026-09-26T20:05:59
482,11,16,1,1,2026-09-26T20:05:59
483,11,20,1,1,2026-09-26T20:05:59
484,5,33,1,1,2026-09-26T20:05:59
485,3,15,1,1,2026-09-26T20:05:59
486,6,20,1,1,2026-09-26T20:05:59
487,4,19,1,1,2026-09-26T20:05:59
488,4,23,1,1,2026-09-26T20:05:59
489,7,16,1,1,2026-09-26T20:05:59
490,29,1,1,1,2026-09-26T20:05:59
491,13,10,1,1,2026-09-26T20:05:59
492,3,27,1,1,2026-09-26T20:05:59
493,16,11,1,1,2026-09-26T20:05:59
494,18,5,1,1,2026-09-26T20:05:59
495,9,14,1,1,2026-09-26T20:05:59
496,9,26,1,1,2026-09-26T20:05:59
497,0,35,1,1,2026-09-26T20:05:59
498,9,14,1,1,2026-09-26T20:05:59
499,7,16,1,1,2026-09-26T20:05:59
500,3,20,1,1,2026-09-26T20:05:59
501,4,26,1,1,2026-09-26T20:05:59
502,19,8,1,1,2026-09-26T20:05:59
503,4,35,1,1,2026-09-26T20:05:59
504,2,25,1,1,2026-09-26T20:05:59
505,2,21,1,1,2026-09-26T20:05:59
506,9,28,1,1,2026-09-26T20:05:59
507,2,23,1,1,2026-09-26T20:05:59
508,3,26,1,1,2026-09-26T20:05:59
509,2,28,1,1,2026-09-26T20:05:59
510,2,20,1,1,2026-09-26T20:05:59
511,17,13,1,1,2026-09-26T20:05:59
512,9,10,1,1,2026-09-26T20:05:59
513,8,25,1,1,2026-09-26T20:05:59
514,1,26,1,1,2026-09-26T20:05:59
515,9,22,1,1,2026-09-26T20:05:59
516,6,28,1,1,2026-09-26T20:05:59
517,22,5,1,1,2026-09-26T20:05:59
518,4,19,1,1,2026-09-26T20:05:59
519,5,17,1,1,2026-09-26T20:05:59
520,2,21,1,1,2026-09-26T20:05:59
521,6,17,1,1,2026-09-26T20:05:59
522,4,15,1,1,2026-09-26T20:05:59
523,0,22,1,1,2026-09-26T20:05:59
524,4,27,1,1,2026-09-26T20:05:59
525,6,29,1,1,2026-09-26T20:05:59
526,0,31,1,1,2026-09-26T20:05:59
527,5,26,1,1,2026-09-26T20:05:59
528,15,16,1,1,2026-09-26T20:05:59
529,6,29,1,1,2026-09-26T20:05:59
530,5,18,1,1,2026-09-26T20:05:59
531,11,16,1,1,2026-09-26T20:05:59
532,3,20,1,1,2026-09-26T20:05:59
533,11,19,1,1,2026-09-26T20:05:59
534,6,21,1,1,2026-09-26T20:05:59
535,14,9,1,1,2026-09-26T20:05:59
536,3,20,1,1,2026-09-26T20:05:59
537,9,18,1,1,2026-09-26T20:05:59
538,9,12,1,1,2026-09-26T20:05:59
539,1,21,1,1,2026-09-26T20:05:59
540,2,24,1,1,2026-09-26T20:05:59
541,8,14,1,1,2026-09-26T20:05:59
542,2,21,1,1,2026-09-26T20:05:59
543,2,21,1,1,2026-09-26T20:05:59
544,0,21,1,1,2026-09-26T20:05:59
545,6,21,1,1,2026-09-26T20:05:59
546,2,21,1,1,2026-09-26T20:05:59
547,7,20,1,1,2026-09-26T20:05:59
548,0,23,1,1,2026-09-26T20:05:59
549,7,15,1,1,2026-09-26T20:05:59
550,14,13,1,1,2026-09-26T20:05:59
551,16,23,1,1,2026-09-26T20:05:59
552,1,26,1,1,2026-09-26T20:05:59
553,10,13,1,1,2026-09-26T20:05:59
554,10,21,1,1,2026-09-26T20:05:59
555,5,30,1,1,2026-09-26T20:05:59
556,11,14,1,1,2026-09-26T20:05:59
557,7,16,1,1,2026-09-26T20:05:59
558,18,15,1,1,2026-09-26T20:05:59
559,10,16,1,1,2026-09-26T20:05:59
560,5,21,1,1,2026-09-26T20:05:59
561,8,11,1,1,2026-09-26T20:05:59
562,2,25,1,1,2026-09-26T20:05:59
563,11,16,1,1,2026-09-26T20:05:59
564,4,27,1,1,2026-09-26T20:05:59
565,10,16,1,1,2026-09-26T20:05:59
566,9,21,1,1,2026-09-26T20:05:59
567,5,11,1,1,2026-09-26T20:05:59
568,12,17,1,1,2026-09-26T20:05:59
569,8,22,1,1,2026-09-26T20:05:59
570,14,12,1,1,2026-09-26T20:05:59
571,6,20,1,1,2026-09-26T20:05:59
572,2,25,1,1,2026-09-26T20:05:59
573,14,9,1,1,2026-09-26T20:05:59
574,1,22,1,1,2026-09-26T20:05:59
575,6,16,1,1,2026-09-26T20:05:59
576,23,16,1,1,2026-09-26T20:05:59
577,5,14,1,1,2026-09-26T20:05:59
578,9,26,1,1,2026-09-26T20:05:59
579,1,30,1,1,2026-09-26T20:05:59
580,0,28,1,1,2026-09-26T20:05:59
581,8,19,1,1,2026-09-26T20:05:59
582,1,22,1,1,2026-09-26T20:05:59
583,10,17,1,1,2026-09-26T20:05:59
584,8,15,1,1,2026-09-26T20:05:59
585,30,0,1,1,2026-09-26T20:05:59
586,12,19,1,1,2026-09-26T20:05:59
587,4,19,1,1,2026-09-26T20:05:59
588,10,13,1,1,2026-09-26T20:05:59
589,5,14,1,1,2026-09-26T20:05:59
590,13,13,1,1,2026-09-26T20:05:59
591,11,16,1,1,2026-09-26T20:05:59
592,9,14,1,1,2026-09-26T20:05:59
593,5,26,1,1,2026-09-26T20:05:59
594,5,22,1,1,2026-09-26T20:05:59
595,6,15,1,1,2026-09-26T20:05:59
596,5,17,1,1,2026-09-26T20:05:59
597,5,22,1,1,2026-09-26T20:05:59
598,12,11,1,1,2026-09-26T20:05:59
599,7,16,1,1,2026-09-26T20:05:59
600,11,16,1,1,2026-09-26T20:05:59
601,4,21,1,1,2026-09-26T20:05:59
602,18,12,1,1,2026-09-26T20:05:59
603,10,16,1,1,2026-09-26T20:05:59
604,14,4,1,1,2026-09-26T20:05:59
605,15,12,1,1,2026-09-26T20:05:59
606,7,16,1,1,2026-09-26T20:05:59
607,8,6,1,1,2026-09-26T20:05:59
608,13,18,1,1,2026-09-26T20:05:59
609,18,7,1,1,2026-09-26T20:05:59
610,9,10,1,1,2026-09-26T20:05:59
611,15,8,1,1,2026-09-26T20:05:59
613,6,17,1,1,2026-09-26T20:05:59
614,5,18,1,1,2026-09-26T20:05:59
615,4,15,1,1,2026-09-26T20:05:59
616,10,13,1,1,2026-09-26T20:05:59
617,5,20,1,1,2026-09-26T20:05:59
618,4,26,1,1,2026-09-26T20:05:59
619,5,17,1,1,2026-09-26T20:05:59
620,10,17,1,1,2026-09-26T20:05:59
621,8,13,1,1,2026-09-26T20:05:59
622,4,17,1,1,2026-09-26T20:05:59
623,1,27,1,1,2026-09-26T20:05:59
624,6,21,1,1,2026-09-26T20:05:59
625,3,28,1,1,2026-09-26T20:05:59
626,0,19,0,0,2026-09-26T20:05:59
627,7,16,1,1,2026-09-26T20:05:59
628,5,26,1,1,2026-09-26T20:05:59
629,8,17,1,1,2026-09-26T20:05:59
630,8,19,1,1,2026-09-26T20:05:59
631,15,12,1,1,2026-09-26T20:05:59
632,3,24,1,1,2026-09-26T20:05:59
633,5,26,1,1,2026-09-26T20:05:59
634,4,32,1,1,2026-09-26T20:05:59
635,4,31,1,1,2026-09-26T20:05:59
636,16,3,1,1,2026-09-26T20:05:59
637,6,20,1,1,2026-09-26T20:05:59
638,4,22,1,1,2026-09-26T20:05:59
639,1,13,1,1,2026-09-26T20:05:59
640,8,15,1,1,2026-09-26T20:05:59
641,5,21,1,1,2026-09-26T20:05:59
642,11,11,1,1,2026-09-26T20:05:59
643,13,38,1,1,2026-09-26T20:05:59
644,14,1,1,1,2026-09-26T20:05:59
645,9,22,1,1,2026-09-26T20:05:59
646,4,19,1,1,2026-09-26T20:05:59
647,9,16,1,1,2026-09-26T20:05:59
648,3,12,1,1,2026-09-26T20:05:59
649,2,21,1,1,2026-09-26T20:05:59
650,5,21,1,1,2026-09-26T20:05:59
651,7,18,1,1,2026-09-26T20:05:59
652,2,25,1,1,2026-09-26T20:05:59
653,2,25,1,1,2026-09-26T20:05:59
654,5,14,1,1,2026-09-26T20:05:59
655,11,16,1,1,2026-09-26T20:05:59
656,3,36,1,1,2026-09-26T20:05:59
657,5,25,1,1,2026-09-26T20:05:59
658,7,18,1,1,2026-09-26T20:05:59
659,7,26,1,1,2026-09-26T20:05:59
660,8,19,1,1,2026-09-26T20:05:59
662,9,14,1,1,2026-09-26T20:05:59
663,0,23,1,1,2026-09-26T20:05:59
664,7,19,1,1,2026-09-26T20:05:59
665,5,22,1,1,2026-09-26T20:05:59
666,11,8,1,1,2026-09-26T20:05:59
667,23,8,1,1,2026-09-26T20:05:59
668,5,24,1,1,2026-09-26T20:05:59
669,7,20,1,1,2026-09-26T20:05:59
670,10,9,1,1,2026-09-26T20:05:59
671,17,10,1,1,2026-09-26T20:05:59
672,15,4,1,1,2026-09-26T20:05:59
673,5,14,1,1,2026-09-26T20:05:59
674,12,7,1,1,2026-09-26T20:05:59
678,9,12,1,1,2026-09-26T20:05:59
681,8,15,1,1,2026-09-26T20:05:59
682,12,11,1,1,2026-09-26T20:05:59
683,7,19,1,1,2026-09-26T20:05:59
684,4,15,1,1,2026-09-26T20:05:59
685,8,18,1,1,2026-09-26T20:05:59
686,0,35,1,1,2026-09-26T20:05:59
694,6,13,1,1,2026-09-26T20:05:59
695,12,23,1,1,2026-09-26T20:05:59
697,11,16,1,1,2026-09-26T20:05:59
698,5,18,1,1,2026-09-26T20:05:59
699,0,0,1,1,2026-09-26T20:05:59
700,0,39,1,1,2026-09-26T20:05:59
701,12,11,1,1,2026-09-26T20:05:59
702,12,11,1,1,2026-09-26T20:05:59
705,0,1,0,0,2026-09-26T20:05:59
