station_id,ce,nombre,lat,lon,capacidad,cp,alcaldia,colonia
1,710,CE-710 Molino del Rey - Glorieta de la Lealtad,19.416795,-99.192508,39,11580,Miguel Hidalgo,Bosque de Chapultepec I Sección
5,407,CE-407  Prolongación Xochicalco-General Emiliano Zapata,19.36726591257277,-99.15865559132271,19,03320,Benito Juárez,Residencial Emperadores
6,428,CE-428  Prolongación Uxmal-Av. Popocatépetl (Eje 8),19.363404,-99.160395,27,03340,Benito Juárez,General Pedro María Anaya
7,483,CE-483 Colegio Salesiano - Marina Nacional,19.44304,-99.17759,23,11320,Miguel Hidalgo,Anáhuac I Sección / Anáhuac II Sección
8,443,CE-443 Bruno Traven-Golondrinas,19.359583,-99.162085,32,03340,Benito Juárez,General Pedro María Anaya
9,423,CE-423 Moras-José María Rico (Eje 8),19.367816,-99.175269,23,03240,Benito Juárez,Acacias
10,438,CE-438 Adolfo Prieto-José María Olloqui,19.36473,-99.174447,23,03240,Benito Juárez,Acacias
11,415,CE-415 San Francisco-Parroquia,19.37099,-99.176135,27,03104,Benito Juárez,Del Valle Sur
12,417,CE-417 Goya-Augusto Rodin,19.373447,-99.184465,27,03920,Benito Juárez,Insurgentes Mixcoac
14,22,CE-022 Reforma - Manchester,19.424784,-99.172119,35,06600,Cuauhtémoc,Juárez
15,94,CE-094 Lic. Verdad-Moneda,19.433766,-99.130918,23,06060,Cuauhtémoc,Centro (Área 6)
16,405,CE-405 División Del Norte-Municipio Libre,19.370565558464016,-99.15662247688942,27,03303,Benito Juárez,Portales Norte
17,375,CE-375 Tenayuca-División Del Norte,19.376793,-99.158847,23,03650,Benito Juárez,Letrán Valle
18,394,CE-394 Dr. Roberto Gayol-Félix Cuevas,19.372474,-99.171639,35,03104,Benito Juárez,Del Valle Sur
19,337,CE-337 San Borja-Martín Mendalde,19.384849,-99.16704,19,03100,Benito Juárez,Del Valle Centro / Insurgentes San Borja
20,412,CE-412 Parroquia-Avenida Universidad,19.368107,-99.164376,34,03310,Benito Juárez,Santa Cruz Atoyac
21,381,CE-381 San Lorenzo-Manzanas,19.3755433811006,-99.17801052342838,23,03200,Benito Juárez,Tlacoquemécatl
22,332,CE-332 Calle 27-Avenida 3,19.385494,-99.183744,23,03800,Benito Juárez,San Pedro de los Pinos
23,399,CE-399 Heriberto Frías-San Lorenzo,19.372469,-99.164538,35,03104,Benito Juárez,Del Valle Sur
24,377,CE-377 Heriberto Frías-Miguel Laurent,19.375397,-99.163778,35,03104,Benito Juárez,Del Valle Sur
25,360,CE-360 Heriberto Frías-Matias Romero,19.379435,-99.162794,23,03100,Benito Juárez,Del Valle Centro / Insurgentes San Borja
26,362,CE-362 Augusto Rodin-Alberto Balderas,19.38212328115473,-99.18109126394484,19,03710,Benito Juárez,Ciudad de los Deportes
27,365,CE-365 Holbein-Avenida Revolución,19.381123,-99.18667,21,03700,Benito Juárez,Santa María Nonoalco
28,424,CE-424 Amores-José María Rico (Eje 8),19.367103332434564,-99.17058136315518,11,03104,Benito Juárez,Del Valle Sur
29,421,CE-421 María Luz Bringas-Oso,19.36952,-99.179421,31,03230,Benito Juárez,Actipan
30,287,CE-287 13 de Septiembre-Puente de la Morena,19.398946,-99.183254,19,11800,Miguel Hidalgo,Escandón II Sección / Escandón I Sección
31,288,CE-288 11 de Abril-Avenida 2,19.396339843986805,-99.1835709661791,15,03800,Benito Juárez,San Pedro de los Pinos
32,372,CE-372 Dr. Roberto Gayol-Tlacoquemécatl,19.377966,-99.170272,19,03104,Benito Juárez,Del Valle Sur
33,434,CE-434 Jose María Olloqui-Amores,19.363698614576656,-99.17118497195588,27,03104,Benito Juárez,Del Valle Sur
34,439,CE-439 Amores-Avenida Coyoacán,19.362037,-99.172683,19,03240,Benito Juárez,Acacias
35,378,CE-378 Miguel Laurent-Amores,19.375865,-99.168219,31,03104,Benito Juárez,Del Valle Sur
36,437,CE-437 Moras-Comunal,19.364916,-99.175985,19,03240,Benito Juárez,Acacias
37,374,CE-374 Pitágoras-Pilares,19.376959,-99.161099,31,03100,Benito Juárez,Del Valle Centro / Insurgentes San Borja
38,384,CE-384 Empresa-Poussin,19.375865,-99.185573,23,03920,Benito Juárez,Insurgentes Mixcoac
39,348,CE-348 Indiana-Avenida San Antonio,19.3854574,-99.1782718,19,03710,Benito Juárez,Ciudad de los Deportes
40,397,CE-397 San Lorenzo-Gabriel Mancera,19.37313576931919,-99.16706666355822,31,03104,Benito Juárez,Del Valle Sur
41,353,CE-353 Carolina-Holbein,19.3823345657493,-99.17888358246272,23,03710,Benito Juárez,Ciudad de los Deportes
42,387,CE-387 Cadiz-Empresa,19.374267,-99.180546,19,03920,Benito Juárez,Insurgentes Mixcoac
43,367,CE-367 Boston -Augusto Rodin,19.379593,-99.181351,19,03720,Benito Juárez,Nochebuena
44,390-391,CE-390-391 Oso-Félix Cuevas,19.373161,-99.178243,47,03104,Benito Juárez,Del Valle Sur
45,303,CE-303 Montecito-Av. Insurgentes,19.394861698080163,-99.17300574486944,26,03810,Benito Juárez,Nápoles
46,370,CE-370 Tlacoquemécatl-Av. Insurgentes,19.378799,-99.176821,31,03200,Benito Juárez,Tlacoquemécatl
47,354,CE-354 Boston-Av. Insurgentes,19.381714,-99.176664,23,03720,Benito Juárez,Nochebuena
48,333,CE-333 Georgia-Carolina,19.387624,-99.180978,23,03840,Benito Juárez,Ampliación Nápoles
49,445-446,CE-445-446 Riff-Avenida Río Churubusco,19.35857050753971,-99.15610156956063,59,03340,Benito Juárez,General Pedro María Anaya
50,429,CE-429 Pirineos-Av. Popocatépetl (Eje 8),19.363060918104924,-99.15833439679318,19,03310,Benito Juárez,Santa Cruz Atoyac
51,414,CE-414 Parroquia-José Ignacio Bartolache,19.37021383558753,-99.17385498530166,27,03104,Benito Juárez,Del Valle Sur
52,432,CE-432 Carrillo Puerto-Avenida México-Coyoacan,19.361245,-99.16239,35,03340,Benito Juárez,General Pedro María Anaya
53,358,CE-358 Nicolás San Juan-Matias Romero,19.380087,-99.16427,23,03100,Benito Juárez,Del Valle Centro / Insurgentes San Borja
55,409,CE-409 Azores - División Del Norte,19.3650233,-99.1554899,23,03310,Benito Juárez,Santa Cruz Atoyac
56,413,CE-413 Parroquia-Avenida Coyoacán,19.369823,-99.172164,35,03104,Benito Juárez,Del Valle Sur
57,345,CE-345 Patricio Sanz - Miraflores,19.384447,-99.172039,23,03100,Benito Juárez,Del Valle Centro / Insurgentes San Borja
58,419,CE-419 Actipan-Cadiz,19.370615,-99.181606,30,03920,Benito Juárez,Insurgentes Mixcoac
59,307,CE-307 Minnesota-Dakota,19.393711808925048,-99.17581468826027,27,03810,Benito Juárez,Nápoles
60,361,CE-361 Porfirio Díaz-Capulín,19.380691,-99.175036,27,03100,Benito Juárez,Del Valle Centro / Insurgentes San Borja
61,393,CE-393 Adolfo Prieto-Félix Cuevas,19.373307,-99.172471,35,03200,Benito Juárez,Tlacoquemécatl
62,306,CE-306 Dakota-Minnesota,19.393699,-99.175664,35,03810,Benito Juárez,Nápoles
63,349,CE-349 Augusto Rodin-Avenida San Antonio,19.385632,-99.180848,19,03840,Benito Juárez,Ampliación Nápoles
64,284,CE-284 Dakota-Vermont,19.397693,-99.172981,31,03810,Benito Juárez,Nápoles
65,308,CE-308 Nueva York-Arizona,19.393643,-99.178156,31,03810,Benito Juárez,Nápoles
66,312,CE-312 Avenida 2-Calle 7,19.39270929935713,-99.18373167525716,27,03800,Benito Juárez,San Pedro de los Pinos
67,325,CE-325 Providencia -Avenida Del Valle,19.38817793281278,-99.16966706519814,23,03100,Benito Juárez,Del Valle Centro / Insurgentes San Borja
68,327,CE-327 Georgia -Pensilvania,19.38885,-99.17772,23,03810,Benito Juárez,Nápoles
69,335,CE-335 Magdalena-Ameyalco,19.386989,-99.173438,35,03100,Benito Juárez,Del Valle Centro / Insurgentes San Borja
70,324,CE-324 Amores-Avenida Eugenia,19.387483,-99.165409,19,03100,Benito Juárez,Del Valle Centro / Insurgentes San Borja
71,59,CE-059 Popocatépetl - Ámsterdam,19.4152434,-99.1667561,35,06100,Cuauhtémoc,Hipódromo
72,72,CE-072 Mazatlán - Alfonso Reyes,19.409859,-99.179565,31,06170,Cuauhtémoc,Hipódromo Condesa
73,67,CE-067 Vicente Suárez - Michoacán,19.411813726946605,-99.17595729242748,23,06140,Cuauhtémoc,Condesa
74,343,CE-343 Enrique Rébsamen-División Del Norte,19.384079,-99.160915,15,03100,Benito Juárez,Del Valle Centro / Insurgentes San Borja
75,330,CE-330 Calle 15-Avenida Patriotismo,19.389358,-99.182606,19,03800,Benito Juárez,San Pedro de los Pinos
76,315,CE-315 Alabama-Montana,19.391444264426035,-99.1736870259592,27,03810,Benito Juárez,Nápoles
77,341,CE-341 San Borja-Avenida Cuauhtémoc,19.382889,-99.158352,31,03020,Benito Juárez,Narvarte Poniente
78,300,CE-300 Providencia -Luz Saviñón,19.39322857475444,-99.1683943570206,23,03103,Benito Juárez,Del Valle Norte
79,74,CE-074 Nuevo León - Ozulama,19.410468,-99.172802,35,06100,Cuauhtémoc,Hipódromo
80,42,CE-042 Sinaloa - Valladolid,19.420603,-99.168239,23,06700,Cuauhtémoc,Roma Norte
81,76,CE-076 Chilpancingo - Campeche,19.4087182,-99.1699442,19,06100,Cuauhtémoc,Hipódromo
82,64,CE-064 Sonora - Ámsterdam,19.412967269545486,-99.16692517703268,27,06100,Cuauhtémoc,Hipódromo
83,56,CE-056 Alvaro Obregón - Medellin,19.417102,-99.165607,35,06700,Cuauhtémoc,Roma Norte
84,71,CE-071 Amsterdam - Michoacan,19.411361,-99.171271,35,06100,Cuauhtémoc,Hipódromo
85,83,CE-083 Alfonso Reyes - Nuevo León,19.40655,-99.172275,15,06100,Cuauhtémoc,Hipódromo
86,81,CE-081 Aguascalientes - Insurgentes,19.407927,-99.168734,27,06100,Cuauhtémoc,Hipódromo
87,79,CE-079 Saltillo - Alfonso Reyes,19.407548521979454,-99.17434785516434,31,06100,Cuauhtémoc,Hipódromo
88,128,CE-128 Orizaba-Río de Janeiro,19.422148,-99.160645,23,06700,Cuauhtémoc,Roma Norte
89,49,CE-049 Mazatlán - Juan de la Barrera,19.41689,-99.17562,39,06140,Cuauhtémoc,Condesa
90,66,CE-066 Mazatlán - Francisco Márquez,19.411825,-99.178456,27,06140,Cuauhtémoc,Condesa
91,40,CE-040 Oaxaca - Puebla,19.42235098990008,-99.1641735658186,23,06700,Cuauhtémoc,Roma Norte
92,53,CE-053 Fernando Montes de Oca - Tula,19.4148233,-99.1783527,15,06140,Cuauhtémoc,Condesa
93,46,CE-046 Durango - Salamanca,19.419178,-99.169949,39,06700,Cuauhtémoc,Roma Norte
94,447,CE-447 Agustín Melgar-Zamora,19.418879,-99.176854,27,06140,Cuauhtémoc,Condesa
95,60,CE-060 Mazatlán - Fernando Montes de Oca,19.414099314684798,-99.17715847497676,39,06140,Cuauhtémoc,Condesa
96,302,CE-302 Luz Saviñón-Magdalena,19.39391421024556,-99.1716746986458,39,03103,Benito Juárez,Del Valle Norte
97,70,CE-070 Parque México - Michoacán,19.4113523,-99.1698939,45,06100,Cuauhtémoc,Hipódromo
98,125,CE-125 Morelia-Circular de Morelia,19.424197,-99.156127,35,06700,Cuauhtémoc,Roma Norte
99,100,CE-100 20 de Noviembre-Mesones,19.428485,-99.1338,23,06090,Cuauhtémoc,Centro (Área 9)
100,105,CE-105 San Jerónimo-5 de Febrero,19.426755,-99.135014,23,06090,Cuauhtémoc,Centro (Área 9)
101,102,CE-102 Echeveste-Bolivar,19.428214,-99.139494,15,06080,Cuauhtémoc,Centro (Área 8)
102,97,CE-097 República de Salvador-Pino Suárez,19.429189,-99.132759,27,06060,Cuauhtémoc,Centro (Área 6)
103,99,CE-099 Ernesto Pugibet-Luis Moya,19.429947,-99.14591,27,06070,Cuauhtémoc,Centro (Área 7)
104,107-108,CE-107-108 Tolsa-Balderas,19.427305,-99.149533,59,06040,Cuauhtémoc,Centro (Área 4)
105,122,CE-122 José María Vértiz-Av. Dr. Río de la Loza,19.425502,-99.146337,31,06720,Cuauhtémoc,Doctores
106,29,CE-029 Reforma - Bucareli,19.434944,-99.150295,35,06600,Cuauhtémoc,Juárez
107,110,CE-110 Dr. Valenzuela-Dr. Río de la loza,19.425126,-99.143391,35,06720,Cuauhtémoc,Doctores
108,93,CE-093 Palma Norte-República de Cuba,19.436741,-99.134811,35,06010,Cuauhtémoc,Centro (Área 2)
109,91,CE-091 Republica de Cuba-Allende,19.4374,-99.137571,19,06010,Cuauhtémoc,Centro (Área 2)
110,112,CE-112 Av. Morelos-Abraham González,19.432819,-99.151734,23,06600,Cuauhtémoc,Juárez
111,65,CE-065 Marconi - Tacuba,19.436522,-99.139811,19,06010,Cuauhtémoc,Centro (Área 2)
112,88,CE-088 2a Cerrada de 5 de Mayo - Palma,19.433757,-99.135331,15,06000,Cuauhtémoc,Centro (Área 1)
113,3,CE-003 Reforma - Insurgentes,19.43163,-99.158547,31,06030,Cuauhtémoc,Tabacalera
114,109,CE-109 Nezahualcóyotl-Isabel la Católica,19.425311,-99.137421,31,06080,Cuauhtémoc,Centro (Área 8)
115,113,CE-113 General Prim-Versalles,19.430369,-99.154419,15,06600,Cuauhtémoc,Juárez
116,123,CE-123 Claudio Bernard-Dr. Lavista,19.424161,-99.153117,27,06720,Cuauhtémoc,Doctores
117,259,CE-259 Tómas Alva Edison-Ponciano Arriaga,19.437569,-99.15468,27,06030,Cuauhtémoc,Tabacalera
119,16,CE-016 Reforma - Río Tiber,19.4267528,-99.16861944,31,06500,Cuauhtémoc,Cuauhtémoc
120,25,CE-025 Reforma - Estocolmo,19.427338,-99.16672,27,06600,Cuauhtémoc,Juárez
121,116,CE-116 Londres-Roma,19.428985,-99.15664,23,06600,Cuauhtémoc,Juárez
122,19,CE-019 Reforma - Río Rhin,19.429453,-99.16283,31,06500,Cuauhtémoc,Cuauhtémoc
123,5,CE-005 Río Pánuco Río Tiber,19.4298428,-99.1693702,23,06500,Cuauhtémoc,Cuauhtémoc
124,261,CE-261 Paseo de la Reforma-Río de la Plata,19.42491,-99.172455,43,06500,Cuauhtémoc,Cuauhtémoc
125,263,CE-263 Sadi Carnot - Gómez Farias,19.436274,-99.158425,29,06470,Cuauhtémoc,San Rafael
126,111,CE-111 Guillermo Prieto - Joaquín Velázquez de León,19.438197,-99.165918,27,06470,Cuauhtémoc,San Rafael
127,265,CE-265 Mina - Jesús García,19.440839,-99.152265,33,06350,Cuauhtémoc,Buenavista
128,264-275,CE-264-275 Héroes Ferrocarrileros - Jesús Garcia,19.440985,-99.152935,71,06350,Cuauhtémoc,Buenavista
129,255,CE-255 José Rosas Moreno-Guillermo Prieto,19.437118,-99.161862,35,06470,Cuauhtémoc,San Rafael
130,268-269,CE-268-269 Luis Donaldo Colosio - Av. Jesús García,19.442467,-99.151658,69,06350,Cuauhtémoc,Buenavista
131,7,CE-007 Río Elba - Río Lerma,19.42528,-99.175106,23,06500,Cuauhtémoc,Cuauhtémoc
132,254,CE-254 Alfonso Herrera-Miguel Shultz,19.439177,-99.159957,31,06470,Cuauhtémoc,San Rafael
133,115,CE-115 Roma-Dinamarca,19.429924814772583,-99.15965178055556,27,06600,Cuauhtémoc,Juárez
134,273-274,CE-273-274 Luis Donaldo Colosio - Av. Jesús García,19.442707,-99.152956,70,06350,Cuauhtémoc,Buenavista
135,35,CE-035 Liverpool - Génova,19.424558,-99.163518,41,06600,Cuauhtémoc,Juárez
136,12,CE-012 Río Lerma - Villalongín,19.432223,-99.161686,15,06500,Cuauhtémoc,Cuauhtémoc
137,6,CE-006 Río Pánuco - Río Sena,19.430963,-99.166986,15,06500,Cuauhtémoc,Cuauhtémoc
138,132,CE-132 Colima-Frontera,19.420667,-99.15645,23,06700,Cuauhtémoc,Roma Norte
139,144,CE-144 Frontera-San Luis Potosí,19.415192,-99.154837,27,06700,Cuauhtémoc,Roma Norte
140,147,CE-147 Coahuila-Orizaba,19.412182,-99.158443,27,06700,Cuauhtémoc,Roma Norte
141,271-272,CE-271-272 Jesús García - Carlos J. Meneses,19.443684,-99.152465,74,06350,Cuauhtémoc,Buenavista
142,2,CE-002 Río Guadalquivir - Río Nazas,19.430495377066244,-99.17115971451491,23,06500,Cuauhtémoc,Cuauhtémoc
143,137,CE-137 Álvaro Obregón-Mérida,19.418782,-99.157081,27,06700,Cuauhtémoc,Roma Norte
144,139,CE-139 Tonalá-Guanajuato,19.416128,-99.162097,23,06700,Cuauhtémoc,Roma Norte
145,190,CE-190 Gobernador Ignacio Esteva-Maestro José Vasconcelos,19.409577,-99.183818,31,11850,Miguel Hidalgo,San Miguel Chapultepec II Sección / San Miguel Chapultepec I Sección
146,185,CE-185 General Antonio Léon-General Pedro Antonio de los Santos,19.412776,-99.182805,29,11850,Miguel Hidalgo,San Miguel Chapultepec II Sección / San Miguel Chapultepec I Sección
147,228,CE-228 Campos Elíseos-La Fontaine,19.427705,-99.19912,19,11540,Miguel Hidalgo,Polanco III Sección
148,220,CE-220 Plinio-Presidente Masaryk,19.432655,-99.205727,27,11530,Miguel Hidalgo,Polanco II Sección
149,204,CE-204 Temístocles-Homero,19.435882,-99.19152,27,11550,Miguel Hidalgo,Polanco IV Sección
150,199,CE-199 Anatole France-Av. Ejército Nacional,19.437934,-99.197241,23,11540,Miguel Hidalgo,Polanco III Sección
151,247,CE-247 Herschel-Rousseau,19.432276,-99.18064,27,11590,Miguel Hidalgo,Anzures
152,158-159,CE-158-159 Huatabampo-Eje 1 Pte. Av. Cuauhtémoc,19.407517,-99.155373,74,06760,Cuauhtémoc,Roma Sur
153,207,CE-207 Torquato Tasso-Homero,19.434861,-99.183322,23,11560,Miguel Hidalgo,Polanco V Sección
154,222,CE-222 Alejandro Dumas-Presidente Masarik,19.431417,-99.195774,27,11550,Miguel Hidalgo,Polanco IV Sección
155,216,CE-216 Alejandro Dumas-Horacio,19.433419,-99.195746,27,11540,Miguel Hidalgo,Polanco III Sección
156,212,CE-212 Hegel-Horacio,19.433863944714325,-99.18809428821986,35,11560,Miguel Hidalgo,Polanco V Sección
157,140,CE-140 Mérida-Zacatecas,19.416596,-99.156879,19,06700,Cuauhtémoc,Roma Norte
158,229,CE-229 Carlos Dickens-Séneca,19.430515,-99.203331,23,11530,Miguel Hidalgo,Polanco II Sección
159,231,CE-231 Isaac Newton-Aristóteles,19.429711892530808,-99.19357940565531,27,11550,Miguel Hidalgo,Polanco IV Sección
160,460,CE-460 Juan Vázquez De Mella-Homero,19.43716476942747,-99.20793056498952,35,11510,Miguel Hidalgo,Polanco I Sección
161,214,CE-214 Platón-Horacio,19.434353,-99.20322,27,11530,Miguel Hidalgo,Polanco II Sección
162,218,CE-218 Hegel-Ibarbourou,19.432451,-99.188033,23,11560,Miguel Hidalgo,Polanco V Sección
163,243,CE-243 Lago Filt-Miguel de Cervantes Saavedra,19.441123,-99.195857,23,11520,Miguel Hidalgo,Granada
164,192-193,CE-192-193 Rubén Darío.Reforma,19.425907,-99.190733,49,11580,Miguel Hidalgo,Bosque de Chapultepec I Sección
165,464,CE-464 Mateo Alemán-Prolongación Moliere,19.442421,-99.199838,23,11529,Miguel Hidalgo,Ampliación Granada
166,195,CE-195 Reforma-Circuito Mahatma Gandhi,19.424858,-99.185181,31,11580,Miguel Hidalgo,Bosque de Chapultepec I Sección
167,120,CE-120 Marsella-Nápoles,19.425437,-99.159458,15,06600,Cuauhtémoc,Juárez
168,143,CE-143 Córdoba-San Luis Potosí,19.414303,-99.157542,23,06700,Cuauhtémoc,Roma Norte
169,150,CE-150 Campeche-Medellín,19.4098481,-99.164553,31,06760,Cuauhtémoc,Roma Sur
170,161,CE-161 Quintana Roo-Manzanillo,19.405533,-99.164913,23,06760,Cuauhtémoc,Roma Sur
171,31,CE-031 Hamburgo - Insurgentes,19.427922277979096,-99.16124593467885,37,06600,Cuauhtémoc,Juárez
172,280,CE-280 Anaxágoras-Obrero Mundial,19.4015,-99.156406,39,03020,Benito Juárez,Narvarte Poniente
173,32,CE-032 Londres - Sevilla,19.42268552552878,-99.16998323054486,35,06600,Cuauhtémoc,Juárez
174,118,CE-118 Liverpool-Dinamarca,19.427171,-99.158108,19,06600,Cuauhtémoc,Juárez
175,134,CE-134 Álvaro Obregón-Orizaba,19.418286,-99.159932,31,06700,Cuauhtémoc,Roma Norte
176,33,CE-033 Londres - Florencia,19.424187,-99.166497,17,06600,Cuauhtémoc,Juárez
177,165,CE-165 Bajío-Eje 2 Pte. Monterrey,19.404268,-99.160503,23,06760,Cuauhtémoc,Roma Sur
178,179,CE-179 Nuevo León-Quintana Roo,19.404435569698265,-99.17138099675866,27,06100,Cuauhtémoc,Hipódromo
179,293,CE-293 Mier y Pesado-Eje 4 Sur Xola,19.397373,-99.164598,31,03103,Benito Juárez,Del Valle Norte
180,37,CE-037 Guadalajara - Puebla,19.4204342,-99.1725775,35,06700,Cuauhtémoc,Roma Norte
181,156,CE-156 Tepic-Ario,19.406959,-99.163021,19,06760,Cuauhtémoc,Roma Sur
182,285,CE-285 12 de Octubre-Minería,19.399763,-99.177538,19,11800,Miguel Hidalgo,Escandón II Sección / Escandón I Sección
183,131,CE-131 Colima-Jalapa,19.419579,-99.161314,19,06700,Cuauhtémoc,Roma Norte
184,30,CE-030 Hamburgo - Amberes,19.426099760030304,-99.164936542511,36,06600,Cuauhtémoc,Juárez
185,57,CE-057 Cuernavaca - Juan Escutia,19.414968,-99.174766,11,06140,Cuauhtémoc,Condesa
186,58,CE-058 Parque España - Juan de la Barrera,19.415358,-99.171902,27,06140,Cuauhtémoc,Condesa
187,175,CE-175 Mutualismo-José Martí,19.400599004903363,-99.17245991533493,23,11800,Miguel Hidalgo,Escandón II Sección / Escandón I Sección
188,148,CE-148 Coahuila-Av. Cuauhtémoc,19.412829,-99.155116,21,06700,Cuauhtémoc,Roma Norte
189,177,CE-177 Benjamín Hill - Carlos Zetina,19.408841,-99.181692,19,06170,Cuauhtémoc,Hipódromo Condesa
190,166,CE-166 Progreso-Cda. Antonio Maceo,19.406069,-99.183549,23,11800,Miguel Hidalgo,Escandón II Sección / Escandón I Sección
191,241,CE-241 Ejército Nacional-Juan Vázquez de la Mella,19.43869310388943,-99.20757338410112,19,11500,Miguel Hidalgo,Irrigación
192,173,CE-173 Minería-José Martí,19.401682,-99.176398,23,11800,Miguel Hidalgo,Escandón II Sección / Escandón I Sección
193,126,CE-126 Jalapa-Puebla,19.422288,-99.162138,34,06700,Cuauhtémoc,Roma Norte
194,127,CE-127 Puebla-Merida,19.423318,-99.15833,27,06700,Cuauhtémoc,Roma Norte
195,180,CE-180 Quintana Roo-Villahermosa,19.404554,-99.169953,27,06100,Cuauhtémoc,Hipódromo
196,467,CE-467 Lago Mayor-Lago Alberto,19.440399,-99.186784,27,11520,Miguel Hidalgo,Granada
197,167,CE-167 General Salvador Alvarado-Progreso,19.404608864422567,-99.1794095188925,23,11800,Miguel Hidalgo,Escandón II Sección / Escandón I Sección
198,196,CE-196 Lago Tanganica- Av. Ejército Nacional,19.438349,-99.192904,27,11520,Miguel Hidalgo,Granada
199,152,CE-152 Tlacotalpan-Campeche,19.409098,-99.167181,35,06760,Cuauhtémoc,Roma Sur
200,200,CE-200 Emerson-Av. Ejército Nacional,19.437596,-99.188785,27,11560,Miguel Hidalgo,Polanco V Sección
201,461,CE-461 Presa Don Martín-Boulevard Miguel De Cervantes Saavedra,19.440106,-99.210031,31,11500,Miguel Hidalgo,Irrigación
202,454,CE-454 Montes Urales-Monte Pelvoux,19.425905,-99.204236,15,11000,Miguel Hidalgo,Lomas de Chapultepec (8 colonias)
203,466,CE-466 Lago Onega-Lago Ladoga,19.44269,-99.19083,27,11450,Miguel Hidalgo,Modelo Pensil y 2 más
204,213,CE-213 Solón-Cicerón,19.43436602850901,-99.206306487431,27,11530,Miguel Hidalgo,Polanco II Sección
205,157,CE-157 Tepic-Tlacotalpan,19.406236,-99.166616,30,06760,Cuauhtémoc,Roma Sur
206,456,CE-456 Alpes-Montes Escandinavos,19.427517,-99.208412,27,11000,Miguel Hidalgo,Lomas de Chapultepec (8 colonias)
207,459,CE-459 Volcán-Montes Urales,19.429323620268587,-99.2071587592636,31,11000,Miguel Hidalgo,Lomas de Chapultepec (8 colonias)
208,457,CE-457 Av. Prado Norte-Explanada,19.42703,-99.212845,17,11000,Miguel Hidalgo,Lomas de Chapultepec (8 colonias)
209,283,CE-283 Av. Coyoacán-Rafael Dondé,19.397923,-99.167248,19,03103,Benito Juárez,Del Valle Norte
210,294,CE-294 Nicolás San Juan-Eje 4 Sur Xola,19.39644167553825,-99.16090227668974,21,03020,Benito Juárez,Narvarte Poniente
211,278,CE-278 Mier Y Pesado-Obrero Mundial,19.40071,-99.163831,19,03103,Benito Juárez,Del Valle Norte
212,282,CE-282 La Morena-Eje 2 Poniente Gabriel Mancera,19.398719270170474,-99.16128046816084,19,03103,Benito Juárez,Del Valle Norte
213,320,CE-320 Enrique Rébsamen-Luz Saviñón,19.391374,-99.159327,19,03020,Benito Juárez,Narvarte Poniente
214,44,CE-044 Durango - Veracruz,19.418222661839696,-99.17461395263672,25,06700,Cuauhtémoc,Roma Norte
215,114,CE-114 Lucerna-Abraham González,19.428989,-99.153618,23,06600,Cuauhtémoc,Juárez
216,322,CE-322 Heriberto Frías-Concepción Beistegui,19.388456876549792,-99.16064277296752,27,03020,Benito Juárez,Narvarte Poniente
217,318,CE-318 Luz Saviñón-Amores,19.392195,-99.163987,23,03103,Benito Juárez,Del Valle Norte
218,9,CE-009 Río Guadalquivir - Río Lerma,19.428184,-99.170013,19,06500,Cuauhtémoc,Cuauhtémoc
219,234,CE-234 Tres Picos-Arquímides,19.42786220267939,-99.1914046928423,27,11560,Miguel Hidalgo,Polanco V Sección
220,339,CE-339 Enrique Rébsamen-Avenida Eugenia,19.386212,-99.160583,23,03020,Benito Juárez,Narvarte Poniente
221,188,CE-188 Gobernador Melchor Múzquiz-Gobernador Ignacio Esteva,19.411711,-99.190139,19,11850,Miguel Hidalgo,San Miguel Chapultepec II Sección / San Miguel Chapultepec I Sección
222,298,CE-298 Romero de Terreros-Gabriel Mancera,19.394092,-99.162139,19,03103,Benito Juárez,Del Valle Norte
223,189,CE-189 Gobernador Rafael Rebollar-Gobernador José Ceballos,19.410046050731918,-99.18795973067972,19,11850,Miguel Hidalgo,San Miguel Chapultepec II Sección / San Miguel Chapultepec I Sección
224,249,CE-249 Shakespeare-Darwin,19.42988388240091,-99.1775936633894,15,11590,Miguel Hidalgo,Anzures
225,43,CE-043 Revillagigedo - Juárez,19.4351365,-99.1460756,31,06050,Cuauhtémoc,Centro (Área 5)
226,469,CE-469 Bahía de la Concepción-Bahía de Todos Los Santos,19.434183,-99.173089,27,11300,Miguel Hidalgo,Verónica Anzures
227,472,CE-472 Bahía de Santa Bárbara-Bahía de Ballenas,19.437667,-99.17711,23,11300,Miguel Hidalgo,Verónica Anzures
228,48,CE-048 Independencia - Azueta,19.433705,-99.146665,11,06050,Cuauhtémoc,Centro (Área 5)
229,181,CE-181 Benjamín Franklin - Ometusco,19.40482516633765,-99.17472235863896,27,06100,Cuauhtémoc,Hipódromo
230,246,CE-246 Leibnitz-Thiers,19.434147,-99.179835,15,11590,Miguel Hidalgo,Anzures
231,479,CE-479 Lago Muritz-Av.Marina Nacional,19.444433,-99.179664,25,11310,Miguel Hidalgo,Mariano Escobedo
232,281,CE-281 Pitágoras-La Morena,19.398532,-99.157308,31,03020,Benito Juárez,Narvarte Poniente
233,480,CE-480 Lago Iseo-Av. Marina Nacional,19.446073,-99.181654,19,11310,Miguel Hidalgo,Mariano Escobedo
234,41,CE-041 Reforma - Av. de la República,19.43542,-99.150317,33,06030,Cuauhtémoc,Tabacalera
235,226,CE-226 Wallon-Presidente Masaryk,19.4310009,-99.1821808,27,11560,Miguel Hidalgo,Polanco V Sección
236,468,CE-468 Lago Xochimilco-Av. Ejército Nacional,19.437250121513653,-99.1795731336424,33,11320,Miguel Hidalgo,Anáhuac I Sección / Anáhuac II Sección
237,256,CE-256 Gómez Farías-Sadi Carnot,19.437128,-99.158363,23,06470,Cuauhtémoc,San Rafael
238,119,CE-119 Turín-Abraham González,19.4268522887659,-99.1556279361248,29,06600,Cuauhtémoc,Juárez
239,475,CE-475 Lago Muritz-Lago Alberto,19.439249,-99.181065,23,11320,Miguel Hidalgo,Anáhuac I Sección / Anáhuac II Sección
240,10,CE-010 Reforma - Ramírez,19.433431,-99.155142,27,06030,Cuauhtémoc,Tabacalera
241,450,CE-450 Ramos Arizpe- Av México Tenochtitlan,19.43832573320297,-99.15223784747468,31,06030,Cuauhtémoc,Tabacalera
242,555,CE-555 Ribera de San Cosme - Insurgentes Centro,19.44021597,-99.1561678,35,06400,Cuauhtémoc,Santa María la Ribera
243,270,CE-270 De la República-Ponciano Arriaga,19.436764,-99.153865,33,06030,Cuauhtémoc,Tabacalera
244,248,CE-248 Shakespeare-Lafayette,19.43175,-99.177399,23,11590,Miguel Hidalgo,Anzures
245,476,CE-476 Lago Como-Laguna de Mayrán,19.442127,-99.184433,35,11520,Miguel Hidalgo,Granada
246,174,CE-174 Joaquín Garcia Icazbalceta-Ignacio Manuel Altamirano,19.44113325834589,-99.16170336308824,31,06470,Cuauhtémoc,San Rafael
247,237-238,CE-237-238 Andrés Bello-George Eliot,19.426744,-99.193986,63,11550,Miguel Hidalgo,Polanco IV Sección
249,124,CE-124 Claudio Bernard-Dr. Liceaga,19.422392,-99.150358,35,06720,Cuauhtémoc,Doctores
250,82,CE-082 Independencia - Marroquí,19.433344,-99.14404,11,06050,Cuauhtémoc,Centro (Área 5)
251,262,CE-262 República de Cuba-República de Brasil,19.436931,-99.133952,31,06010,Cuauhtémoc,Centro (Área 2)
252,235-236,CE-235-236 Campos Elíseos-Moliere,19.429417,-99.202353,55,11540,Miguel Hidalgo,Polanco III Sección
253,104,CE-104 San Jerónimo-Isabel la Católica,19.427059,-99.137116,11,06080,Cuauhtémoc,Centro (Área 8)
254,136,CE-136 Álvaro Obregón-Tonalá,19.417715,-99.162729,23,06700,Cuauhtémoc,Roma Norte
255,183,CE-183 Gabino Barreda-Guillermo Prieto,19.437665,-99.164018,35,06470,Cuauhtémoc,San Rafael
256,95,CE-095 20 de Noviembre-Venustiano Carranza,19.4306825559452,-99.1337009892004,19,06060,Cuauhtémoc,Centro (Área 6)
257,36,CE-036 Puebla - Veracruz,19.41966,-99.17588,31,06700,Cuauhtémoc,Roma Norte
258,63,CE-063 Nuevo León - Laredo,19.41309123889245,-99.1716201604504,35,06100,Cuauhtémoc,Hipódromo
259,87,CE-087 Gante - Venustiano Carranza,19.432024,-99.139705,25,06000,Cuauhtémoc,Centro (Área 1)
260,20,CE-020 Reforma- Río Támesis,19.43086152710901,-99.16025899353372,23,06500,Cuauhtémoc,Cuauhtémoc
261,15,CE-015 Reforma - Río Mississippi,19.425597,-99.171409,23,06500,Cuauhtémoc,Cuauhtémoc
262,75,CE-075 Alfonso Reyes - Atlixco,19.40874068723484,-99.17677424853537,33,06170,Cuauhtémoc,Hipódromo Condesa
263,17,CE-017 Reforma - Río Tiber,19.427553,-99.167396,27,06500,Cuauhtémoc,Cuauhtémoc
264,80,CE-080 Nuevo León - Aguascalientes,19.407239898913133,-99.17207747708744,35,06100,Cuauhtémoc,Hipódromo
265,23,CE-023 Reforma - Praga,19.42528,-99.171099,36,06600,Cuauhtémoc,Juárez
266,85,CE-085 Rosas Moreno - Sullivan,19.43405932704917,-99.16243817658597,15,06470,Cuauhtémoc,San Rafael
267,14,CE-014 Reforma - Río de Plata,19.42454,-99.173247,39,06500,Cuauhtémoc,Cuauhtémoc
268,135,CE-135 Álvaro Obregón-Morelia,19.419250969141167,-99.15503863246612,38,06700,Cuauhtémoc,Roma Norte
269,89,CE-089 República de Guatemala - Monte de Piedad,19.434962,-99.133729,11,06060,Cuauhtémoc,Centro (Área 6)
270,133,CE-133 Colima-Morelia,19.421138,-99.154725,35,06700,Cuauhtémoc,Roma Norte
271,141,CE-141 Zacatecas-Luis Cabrera,19.415905,-99.15954,31,06700,Cuauhtémoc,Roma Norte
272,92,CE-092 San Ildefonso-República de Argentina,19.436531,-99.131497,23,06020,Cuauhtémoc,Centro (Área 3)
273,470,CE-470 Bahía de Las Palmas-Bahía de Todos Los Santos,19.435039,-99.173879,23,11300,Miguel Hidalgo,Verónica Anzures
275,239,CE-239 Rincón del Bosque-Ruben Darío,19.430153,-99.181355,19,11560,Miguel Hidalgo,Polanco V Sección
276,656,CE-656 Ignacio Allende - Paris,19.3543111,-99.1624361,35,04100,Coyoacán,Del Carmen
277,305,CE-305 Avenida del Parque-Arizona,19.394693,-99.175531,31,03810,Benito Juárez,Nápoles
278,121,CE-121 Niza-Chapultepec,19.424178,-99.16115,15,06600,Cuauhtémoc,Juárez
279,27,CE-027 Reforma- Havre,19.42916,-99.162703,43,06600,Cuauhtémoc,Juárez
280,252,CE-252 Víctor Hugo-Shakespeare,19.427575,-99.17702,19,11590,Miguel Hidalgo,Anzures
281,251,CE-251 Goethe-Darwin,19.429261,-99.17538,15,11590,Miguel Hidalgo,Anzures
282,117,CE-117 Londres-Nápoles,19.42716659232796,-99.16029106826954,31,06600,Cuauhtémoc,Juárez
283,250,CE-250 Darwin-Mariano Escobedo,19.428949,-99.179796,23,11590,Miguel Hidalgo,Anzures
284,217,CE-217 Euler-Horacio,19.432850919536445,-99.1835452617306,31,11560,Miguel Hidalgo,Polanco V Sección
285,224,CE-224 Hegel-Presidente Masaryk,19.431115,-99.188082,15,11560,Miguel Hidalgo,Polanco V Sección
286,215,CE-215 Edgar Alan Poe-Horacio,19.43384,-99.19968,23,11540,Miguel Hidalgo,Polanco III Sección
287,202,CE-202 Calderón de la Barca-Av. Homero,19.436064,-99.198898,19,11540,Miguel Hidalgo,Polanco III Sección
288,240,CE-240 Ejército Nacional-F.C. de Cuernavaca,19.43863429723348,-99.20629061763977,17,11500,Miguel Hidalgo,Irrigación
289,47,CE-047 Plaza Madrid-Medellín,19.41950646064405,-99.1663652659008,29,06700,Cuauhtémoc,Roma Norte
290,258,CE-258 Circuito Interior-Juan Escutia,19.4165298,-99.1790435,33,06140,Cuauhtémoc,Condesa
291,11,CE-011 Río Amazonas - Río Lerma,19.431192,-99.163546,15,06500,Cuauhtémoc,Cuauhtémoc
292,1,CE-001 Río Sena-Río Balsas,19.4337846,-99.1679872,35,06500,Cuauhtémoc,Cuauhtémoc
293,103,CE-103 Joaquín Velázquez de León - García Icazbalceta,19.441533,-99.165268,31,06470,Cuauhtémoc,San Rafael
294,13,CE-013 Reforma - Río Mississippi,19.424941,-99.17233,28,06500,Cuauhtémoc,Cuauhtémoc
295,18,CE-018 Reforma - Río Rhin,19.428802,-99.164381,39,06500,Cuauhtémoc,Cuauhtémoc
296,38,CE-038 Cozumel - Puebla,19.420862316439543,-99.17145028710364,35,06700,Cuauhtémoc,Roma Norte
297,449,CE-449 Acapulco-Puebla,19.420281,-99.174392,27,06700,Cuauhtémoc,Roma Norte
298,28,CE-028 Toledo- Tokio,19.423664,-99.172568,35,06600,Cuauhtémoc,Juárez
299,34,CE-034 Liverpool - Génova,19.42472751913646,-99.16334755721437,23,06600,Cuauhtémoc,Juárez
300,232,CE-232 Taine - Rubén Darío,19.42894,-99.185389,31,11560,Miguel Hidalgo,Polanco V Sección
301,227,CE-227 Campos Elíseos-Periférico,19.431783492215445,-99.20738060028724,23,11530,Miguel Hidalgo,Polanco II Sección
302,211,CE-211 Isaac Newton-Horacio,19.43385,-99.188275,35,11560,Miguel Hidalgo,Polanco V Sección
303,478,CE-478 Laguna de Mayrán-Lago Chalco,19.440818,-99.176961,27,11320,Miguel Hidalgo,Anáhuac I Sección / Anáhuac II Sección
304,474,CE-474 Bahía de San Hipólito-Bahía del Espíritu Santo,19.438984,-99.177549,31,11320,Miguel Hidalgo,Anáhuac I Sección / Anáhuac II Sección
305,176,CE-176 Av. Jesús García-Luis Donaldo Colosio,19.442717,-99.152262,39,06350,Cuauhtémoc,Buenavista
306,244,CE-244 Lago Victoria-Miguel de Cervantes Saavedra,19.440508,-99.193681,23,11520,Miguel Hidalgo,Granada
307,219,CE-219 Esopo-FC de Cuernavaca,19.433364,-99.207553,39,11530,Miguel Hidalgo,Polanco II Sección
309,465,CE-465 Lago Ginebra-Lago Wetter,19.445039,-99.194078,27,11490,Miguel Hidalgo,Pensil Sur / Cuauhtémoc Pensil
311,257,CE-257 Manuel Maria Contreras-Villalongin,19.433803,-99.166223,19,06500,Cuauhtémoc,Cuauhtémoc
312,455,CE-455 Pedregal-Ferrocarril De Cuernavaca,19.426308,-99.2033,23,11100,Miguel Hidalgo,Bosque de Chapultepec III Sección / Bosque de Chapultepec II Sección
313,266-267,CE-266-267 Jesús García - Carlos J. Meneses,19.444031,-99.152187,75,06350,Cuauhtémoc,Buenavista
314,201,CE-201 Lope de Vega-Av. Ejército Nacional,19.437496732030738,-99.18721206491682,19,11560,Miguel Hidalgo,Polanco V Sección
315,208,CE-208 Hesiodo-Lamartine,19.434182,-99.189835,25,11560,Miguel Hidalgo,Polanco V Sección
316,221,CE-221 Emilio Castelar-Presidente Masaryk,19.431799,-99.201565,25,11540,Miguel Hidalgo,Polanco III Sección
317,210,CE-210 Eugenio Sue-Horacio,19.434076,-99.194091,27,11550,Miguel Hidalgo,Polanco IV Sección
318,21,CE-021 Reforma - Dublín,19.424809702659765,-99.1717654466629,25,06600,Cuauhtémoc,Juárez
319,206,CE-206 Homero-Moliere,19.436142,-99.200996,23,11540,Miguel Hidalgo,Polanco III Sección
320,86,CE-086 Sullivan-Insurgentes,19.432452,-99.15924,17,06470,Cuauhtémoc,San Rafael
321,233,CE-233 Julio Verne-Luis G. Urbina,19.429314,-99.196965,15,11550,Miguel Hidalgo,Polanco IV Sección
322,451,CE-451 Campos Elíseos-Goldsmith,19.428847,-99.201299,33,11540,Miguel Hidalgo,Polanco III Sección
323,8,CE-008 Reforma - General Prim,19.431256,-99.158153,17,06600,Cuauhtémoc,Juárez
324,223,CE-223 Isaac Newton-Presidente Masaryk,19.431242,-99.191613,35,11550,Miguel Hidalgo,Polanco IV Sección
325,668,CE-668 Plateros - Capuchinas,19.367522,-99.181727,33,03900,Benito Juárez,San José Insurgentes
326,242,CE-242 Pról. Moliere-Miguel de Cervantes Saavedra,19.44002672090815,-99.20071095250022,31,11520,Miguel Hidalgo,Granada
327,50,CE-050 Cuernavaca - Veracruz,19.41682441224743,-99.17378827934954,27,06140,Cuauhtémoc,Condesa
328,145,CE-145 Yucatán-Chiapas,19.41286,-99.160661,27,06700,Cuauhtémoc,Roma Norte
329,142,CE-142 San Luis Potosí-Eje 2 Pte. Monterrey,19.41325186264067,-99.16412428026888,31,06700,Cuauhtémoc,Roma Norte
330,155,CE-155 Jalapa-Tlaxcala,19.408218,-99.159911,35,06760,Cuauhtémoc,Roma Sur
331,225,CE-225 Petrarca-Presidente Masaryk,19.431172,-99.185612,21,11560,Miguel Hidalgo,Polanco V Sección
332,553,CE-553  Jaime Torres Bodet - Ribera de San Cosme,19.442,-99.1593333,35,06400,Cuauhtémoc,Santa María la Ribera
333,51,CE-051 Colima - Oaxaca,19.418031,-99.168435,27,06700,Cuauhtémoc,Roma Norte
334,170,CE-170 Observatorio Oriente-Revolución,19.404029,-99.184342,23,11800,Miguel Hidalgo,Escandón II Sección / Escandón I Sección
335,452,CE-452 Leibnitz-Av. Ejercito Nacional,19.435867,-99.179856,15,11590,Miguel Hidalgo,Anzures
336,552,CE-552 Fresno - Ribera de San Cosme,19.4431081,-99.1624537,23,06400,Cuauhtémoc,Santa María la Ribera
337,130,CE-130 Mérida-Durango,19.421576,-99.158015,23,06700,Cuauhtémoc,Roma Norte
338,62,CE-062 Fernando Montes de Oca - Amatlan,19.41331637033966,-99.17530506854746,19,06140,Cuauhtémoc,Condesa
339,61,CE-061 Avenida México - Sonora,19.413832444192096,-99.16939929138606,35,06100,Cuauhtémoc,Hipódromo
340,129,CE-129 Tonalá-Durango,19.4206,-99.163312,23,06700,Cuauhtémoc,Roma Norte
341,68,CE-068 Tamaulipas - Michoacán,19.41166825384696,-99.17382381861898,25,06140,Cuauhtémoc,Condesa
342,448,CE-448 Dr. Andrade-Arcos De Belén,19.426611,-99.14447,31,06720,Cuauhtémoc,Doctores
343,253,CE-253 Dante-Tolstoi,19.42644758104329,-99.17815290396902,19,11590,Miguel Hidalgo,Anzures
344,487,CE-487 Nopaltzin - Quetzalcoatl,19.441728,-99.167477,23,11370,Miguel Hidalgo,Tlaxpana
345,554,CE-554 Heroes Ferrocarrileros - Mariano Azuela,19.4417473,-99.155639,27,06400,Cuauhtémoc,Santa María la Ribera
346,151,CE-151 Campeche-Tonalá,19.410529,-99.160873,27,06760,Cuauhtémoc,Roma Sur
347,550,CE-550 Sor Juana Ines de la Cruz - Fresno,19.44594702605669,-99.16137836878988,23,06400,Cuauhtémoc,Santa María la Ribera
348,551,CE-551 Nogal - Ribera de San Cosme,19.4435806,-99.1648833,23,06400,Cuauhtémoc,Santa María la Ribera
349,549,CE-549 Sor Juana Ines de la Cruz - Dr. Atl,19.4450444,-99.1571333,27,06400,Cuauhtémoc,Santa María la Ribera
350,162,CE-162 Tehuantepec-Medellín,19.404907,-99.162485,27,06760,Cuauhtémoc,Roma Sur
352,24,CE-024 Reforma- Florencia,19.426614,-99.168078,19,06600,Cuauhtémoc,Juárez
353,26,CE-026 Reforma - Versalles,19.432595,-99.154995,15,06600,Cuauhtémoc,Juárez
354,191,CE-191 Gobernador Rafael Rebollar-Gobernador Vicente Eguía,19.40796,-99.187901,19,11850,Miguel Hidalgo,San Miguel Chapultepec II Sección / San Miguel Chapultepec I Sección
355,45,CE-045 Durango - Sonora,19.418749,-99.171942,39,06700,Cuauhtémoc,Roma Norte
356,52,CE-052 Hidalgo - Trujano,19.436208,-99.141931,19,06050,Cuauhtémoc,Centro (Área 5)
357,286,CE-286 13 de Septiembre-Avenida Patriotismo,19.399201,-99.179943,19,11800,Miguel Hidalgo,Escandón II Sección / Escandón I Sección
358,160,CE-160 Alfonso Herrera-Gabino Barreda,19.440252,-99.163455,23,06470,Cuauhtémoc,San Rafael
359,194,CE-194 Circuito Mahatma Gandhi-Reforma,19.424282,-99.180334,35,11580,Miguel Hidalgo,Bosque de Chapultepec I Sección
360,659,CE-659  Madrid - Avenida Mexico,19.3564861,-99.1694556,23,04100,Coyoacán,Del Carmen
361,96,CE-096 López-Ayuntamiento,19.430625,-99.14248,35,06050,Cuauhtémoc,Centro (Área 5)
362,667,CE-667 Hermes - Mosqueta,19.363955445342725,-99.1807891801136,23,03940,Benito Juárez,Crédito Constructor
363,84,CE-084 Chilpancingo - Tlaxcala,19.406872,-99.169572,19,06100,Cuauhtémoc,Hipódromo
364,660,CE-660 Josefa Ortiz de Dominguez - Circuito Interior,19.3580028,-99.1701056,27,04100,Coyoacán,Del Carmen
365,168,CE-168 Comercio-Progreso,19.403997,-99.1776,23,11800,Miguel Hidalgo,Escandón II Sección / Escandón I Sección
366,670,CE-670 Felix Parra - Flamencos,19.3676,-99.1849917,23,03900,Benito Juárez,San José Insurgentes
367,154,CE-154 Tuxpan-Tlaxcala,19.406511,-99.1678974,35,06760,Cuauhtémoc,Roma Sur
368,658,CE-658 Vicente Guerrero - Berlín,19.355339,-99.165613,19,04100,Coyoacán,Del Carmen
369,657,CE-657 Madrid - Centenario,19.3574361,-99.1637944,19,04100,Coyoacán,Del Carmen
370,184,CE-184 General Gómez Pedraza-Gobernador Tiburcio Montiel,19.414793,-99.185083,35,11850,Miguel Hidalgo,San Miguel Chapultepec II Sección / San Miguel Chapultepec I Sección
371,153,CE-153 Manzanillo-Tlaxcala,19.4074919,-99.1651437,23,06760,Cuauhtémoc,Roma Sur
372,77,CE-077 Choapan - Tamaulipas,19.406745,-99.178272,15,06100,Cuauhtémoc,Hipódromo
373,73,CE-073 Campeche - Tamaulipas,19.410073,-99.175542,35,06170,Cuauhtémoc,Hipódromo Condesa
374,78,CE-078 Benjamín Hill - Tamaulipas,19.407512,-99.177361,35,06100,Cuauhtémoc,Hipódromo
375,163,CE-163 Toluca-Bajío,19.405246,-99.15643,35,06760,Cuauhtémoc,Roma Sur
376,54,CE-054 Parque España - Sonora,19.416163,-99.170795,35,06700,Cuauhtémoc,Roma Norte
377,169,CE-169 Prosperidad-Progreso,19.403019,-99.174934,23,11800,Miguel Hidalgo,Escandón II Sección / Escandón I Sección
378,430,CE-430 Tripoli-Av. Popocatépetl (Eje 8),19.36205,-99.154976,23,03310,Benito Juárez,Santa Cruz Atoyac
379,171,CE-171 Comercio-Jose Martí,19.40253247789727,-99.1782025248358,27,11800,Miguel Hidalgo,Escandón II Sección / Escandón I Sección
380,309,CE-309 Pensilvania-Arizona,19.393059,-99.179483,31,03810,Benito Juárez,Nápoles
381,182,CE-182 Progreso-Astrónomos,19.40202839834005,-99.17129248386118,31,11800,Miguel Hidalgo,Escandón II Sección / Escandón I Sección
382,331,CE-331 Avenida 2-Calle 17,19.388748,-99.183924,27,03800,Benito Juárez,San Pedro de los Pinos
383,279,CE-279 La Morena-Providencia,19.399908,-99.166553,31,03103,Benito Juárez,Del Valle Norte
384,187,CE-187 General Cano-Gobernador Gregorio V. Gelati,19.411227,-99.185514,23,11850,Miguel Hidalgo,San Miguel Chapultepec II Sección / San Miguel Chapultepec I Sección
385,291,CE-291 Magdalena-División Del Norte,19.397651,-99.169946,35,03103,Benito Juárez,Del Valle Norte
386,297,CE-297 Diagonal San Antonio-Enrique Rébsamen,19.394412,-99.158907,27,03020,Benito Juárez,Narvarte Poniente
387,310,CE-310 Calle 1-Av. Patriotismo,19.395316464981526,-99.18172560637684,15,03800,Benito Juárez,San Pedro de los Pinos
388,314,CE-314 Nueva York-Louisiana,19.391647,-99.177331,19,03810,Benito Juárez,Nápoles
389,351,CE-351 Calle 27-Avenida Revolución,19.385751,-99.186297,15,03800,Benito Juárez,San Pedro de los Pinos
390,319,CE-319 Diagonal San Antonio-Luz Saviñón,19.391991,-99.162684,27,03103,Benito Juárez,Del Valle Norte
391,329,CE-329 Calle 13-Avenida 1,19.390306,-99.184812,31,03800,Benito Juárez,San Pedro de los Pinos
392,164,CE-164 Bajío-Tlacotalpan,19.4032285,-99.1658539,27,06760,Cuauhtémoc,Roma Sur
393,295,CE-295 Anaxágoras-Eje 4 Sur Xola,19.396505,-99.156877,35,03020,Benito Juárez,Narvarte Poniente
394,336,CE-336 San Borja-Cda. Dr. J. Bartolache,19.385531,-99.169673,23,03100,Benito Juárez,Del Valle Centro / Insurgentes San Borja
395,296,CE-296 Diagonal San Antonio-Enrique Rébsamen,19.394283,-99.158756,23,03020,Benito Juárez,Narvarte Poniente
396,323,CE-323 Concepción Beistegui-Gabriel Mancera,19.38898631224684,-99.1632449628014,27,03103,Benito Juárez,Del Valle Norte
397,340,CE-340 Anaxágoras-Avenida Eugenia,19.385625037771156,-99.15819257503244,31,03020,Benito Juárez,Narvarte Poniente
398,669,CE-669 Los Juarez - Sagredo,19.37076863433144,-99.1873613745247,23,03900,Benito Juárez,San José Insurgentes
399,209,CE-209 Solón-Horacio,19.435478,-99.206359,19,11530,Miguel Hidalgo,Polanco II Sección
400,317,CE-317 Avenida Coyoacán-Torres Adalid,19.391456,-99.166157,35,03103,Benito Juárez,Del Valle Norte
401,299,CE-299 Romero de Terreros-Mier Y Pesado,19.394601,-99.165054,26,03103,Benito Juárez,Del Valle Norte
402,276,CE-276 Anaxágoras-Obrero Mundial,19.401986,-99.156366,19,03000,Benito Juárez,Piedad Narvarte
403,90,CE-090 José María Pino Suárez - Corregidora,19.43144,-99.132513,27,06060,Cuauhtémoc,Centro (Área 6)
404,304,CE-304 Montecito-Dakota,19.395043,-99.173821,35,03810,Benito Juárez,Nápoles
405,352,CE-352 Tintoreto-Giorgione,19.384146,-99.185491,31,03700,Benito Juárez,Santa María Nonoalco
406,366,CE-366 Porfirio Díaz-Augusto Rodin,19.378423,-99.181891,19,03740,Benito Juárez,Extremadura Insurgentes
407,395,CE-395 San Lorenzo-Martín Mendalde,19.373725,-99.169807,31,03104,Benito Juárez,Del Valle Sur
408,316,CE-316 San Francisco-Concepción Beistegui,19.391056,-99.1712,27,03103,Benito Juárez,Del Valle Norte
409,292,CE-292 Adolfo Prieto-Eje 4 Sur Xola,19.396917,-99.166264,31,03103,Benito Juárez,Del Valle Norte
410,380,CE-380 Moras-San Lorenzo,19.374756,-99.173539,23,03200,Benito Juárez,Tlacoquemécatl
411,338,CE-338 Nicolás San Juan-San Borja,19.384242,-99.16326,27,03100,Benito Juárez,Del Valle Centro / Insurgentes San Borja
412,420,CE-420 María Luz Bringas-Oso,19.36967233269665,-99.17958118026944,23,03230,Benito Juárez,Actipan
413,373,CE-373 Pilares-Gabriel Mancera,19.377932,-99.166594,19,03104,Benito Juárez,Del Valle Sur
414,416,CE-416 Recreo-Parroquia,19.371279,-99.177623,27,03104,Benito Juárez,Del Valle Sur
415,386,CE-386 Poussin-Donatello,19.374912,-99.185807,39,03920,Benito Juárez,Insurgentes Mixcoac
416,347,CE-347 Pennsylvania-Maximino Avila Camacho,19.384474,-99.176084,19,03710,Benito Juárez,Ciudad de los Deportes
417,342,CE-342 Pitágoras-Av. División del Norte,19.38237,-99.1598779,31,03020,Benito Juárez,Narvarte Poniente
418,328,CE-328 Avenida 1-Calle 7,19.392721,-99.184727,15,03800,Benito Juárez,San Pedro de los Pinos
419,369,CE-369 Porfirio Díaz-Av. Insurgentes,19.379941,-99.177224,35,03740,Benito Juárez,Extremadura Insurgentes
420,389,CE-389 Santander-Félix Cuevas,19.373655,-99.179029,39,03920,Benito Juárez,Insurgentes Mixcoac
421,205,CE-205 Taine-Homero,19.43552573443183,-99.18474711483212,19,11560,Miguel Hidalgo,Polanco V Sección
422,396,CE-396 Martin Mendalde-Felix Cuevas,19.37165,-99.17015,19,03104,Benito Juárez,Del Valle Sur
423,436,CE-436 Rodríguez Saro-Búfalo,19.36623,-99.177904,30,03230,Benito Juárez,Actipan
424,334,CE-334 Nueva York-Av. Insurgentes,19.386530826718293,-99.17510658508034,27,03840,Benito Juárez,Ampliación Nápoles
425,385,CE-385 Poussin-Empresa,19.37565091883109,-99.18558642279096,35,03920,Benito Juárez,Insurgentes Mixcoac
426,422,CE-422 Búfalo-José María Rico (Eje 8),19.368403,-99.177472,19,03230,Benito Juárez,Actipan
427,363,CE-363 Holbein-Paulo Ucello,19.380839,-99.183932,23,03710,Benito Juárez,Ciudad de los Deportes
428,355,CE-355 California-Sacramento,19.38201131984727,-99.17328938847275,19,03100,Benito Juárez,Del Valle Centro / Insurgentes San Borja
429,346,CE-346 San Francisco-Santa Margarita,19.38496594717172,-99.17411729704328,26,03100,Benito Juárez,Del Valle Centro / Insurgentes San Borja
430,290,CE-290 Yosemite-Colorado,19.39638,-99.1727082,26,03810,Benito Juárez,Nápoles
431,371,CE-371 Tlacoquemécatl-Capulín,19.378546,-99.174297,23,03200,Benito Juárez,Tlacoquemécatl
432,401,CE-401 San Lorenzo-Avenida Cuauhtémoc,19.372101,-99.161501,31,03310,Benito Juárez,Santa Cruz Atoyac
433,356,CE-356 Matías Romero -Adolfo Prieto,19.381287,-99.1702,15,03100,Benito Juárez,Del Valle Centro / Insurgentes San Borja
434,433,CE-433 Jose María Olloqui-Lopéz Cotilla,19.363548,-99.170766,19,03104,Benito Juárez,Del Valle Sur
435,277,CE-277 Prolongación Tonalá-Obrero Mundial,19.401807,-99.15909,31,03000,Benito Juárez,Piedad Narvarte
436,172,CE-172 General Francisco Murguía-José Martí,19.4035308,-99.1816702,19,11800,Miguel Hidalgo,Escandón II Sección / Escandón I Sección
437,404,CE-404 Miguel Laurent-Avenida División Del Norte,19.373833,-99.157433,31,03303,Benito Juárez,Portales Norte
438,203,CE-203 Tennyson-Av. Homero,19.435985,-99.194832,23,11550,Miguel Hidalgo,Polanco IV Sección
439,473,CE-473 Bahía del Espíritu Santo-Bahía de Banderas,19.438143,-99.17519,35,11300,Miguel Hidalgo,Verónica Anzures
440,462,CE-462 Presa Falcón-Presa Danxhó,19.442338,-99.205198,23,11500,Miguel Hidalgo,Irrigación
441,477,CE-477 Lago Iseo-Laguna de Mayrán,19.440905,-99.181743,23,11320,Miguel Hidalgo,Anáhuac I Sección / Anáhuac II Sección
442,471,CE-471 Bahía de Chachalacas-Bahía de Santa Bárbara,19.436287,-99.174888,19,11300,Miguel Hidalgo,Verónica Anzures
443,321,CE-321 Torres Adalid-Anaxágoras,19.389477,-99.157513,27,03020,Benito Juárez,Narvarte Poniente
444,444,CE-444 General Manuel Rincón-Agustín Gutierrez,19.359475,-99.159437,19,03340,Benito Juárez,General Pedro María Anaya
445,441,CE-441 Puente Xoco-Real de Mayorazgo,19.36121366007657,-99.16772089901316,31,03330,Benito Juárez,Xoco
446,55,CE-055  5 De Mayo - Bolívar,19.434514,-99.138068,15,06000,Cuauhtémoc,Centro (Área 1)
447,138,CE-138 Guanajuato-Frontera,19.417702,-99.155313,27,06700,Cuauhtémoc,Roma Norte
448,359,CE-359 Matías Romero -Pestalozzi,19.379331,-99.161163,31,03100,Benito Juárez,Del Valle Centro / Insurgentes San Borja
449,398,CE-398 Juan Sánchez Azcona-Félix Cuevas,19.37104,-99.165653,27,03104,Benito Juárez,Del Valle Sur
450,178,CE-178 Tamaulipas-Francisco Murguía,19.406833,-99.180457,23,06170,Cuauhtémoc,Hipódromo Condesa
451,198,CE-198 Sócrates-Ejército Nacional,19.438173973703996,-99.20383617292828,25,11530,Miguel Hidalgo,Polanco II Sección
452,326,CE-326 Eugenia-Nebraska,19.388978,-99.174811,35,03840,Benito Juárez,Ampliación Nápoles
453,622,CE-622 Fernando Montes de Oca - Eje 6 Sur,19.378351,-99.143996,27,03660,Benito Juárez,San Simón Ticumac
454,402,CE-402 Uxmal-Municipio Libre,19.371142,-99.158591,27,03310,Benito Juárez,Santa Cruz Atoyac
455,39,CE-039 Puebla - Medellín,19.421762,-99.166931,23,06700,Cuauhtémoc,Roma Norte
456,427,CE-427 Avenida México-Coyoacán-Av. Popocatépetl (Eje 8),19.364956,-99.1629867,19,03310,Benito Juárez,Santa Cruz Atoyac
457,313,CE-313 Pensilvania-Oklahoma,19.391431,-99.178989,23,03810,Benito Juárez,Nápoles
458,230,CE-230 Edgar Allan Poe - Carlos Dickens,19.430098,-99.200074,15,11540,Miguel Hidalgo,Polanco III Sección
459,485,CE-485 Lago de Pátzcuaro - Marina Nacional,19.438506,-99.172696,23,11370,Miguel Hidalgo,Tlaxpana
460,392,CE-392 Patricio Sanz-Félix Cuevas,19.373004,-99.174764,19,03200,Benito Juárez,Tlacoquemécatl
461,453,CE-453 Pedregal-Teapa,19.424842,-99.203739,31,11000,Miguel Hidalgo,Lomas de Chapultepec (8 colonias)
462,357,CE-357 Matías Romero -Amores,19.380617,-99.167066,27,03100,Benito Juárez,Del Valle Centro / Insurgentes San Borja
463,546,CE-546 Salvador Díaz Mirón - Santa María la Ribera,19.448764,-99.156817,23,06400,Cuauhtémoc,Santa María la Ribera
464,301,CE-301 Luz Saviñón-Magdalena,19.393807,-99.171133,25,03103,Benito Juárez,Del Valle Norte
465,4,CE-004 Río Nilo - Río Panuco,19.428491,-99.171693,19,06500,Cuauhtémoc,Cuauhtémoc
466,496,CE-496 Maestro Rural - José Parres,19.449039,-99.170246,35,11330,Miguel Hidalgo,Un Hogar Para Nosotros
467,146,CE-146 Coahuila-Manzanillo,19.410699360989387,-99.16587710386013,23,06700,Cuauhtémoc,Roma Norte
468,149,CE-149 Mérida-Antonio M. Anza,19.41199,-99.155699,31,06700,Cuauhtémoc,Roma Norte
469,495,CE-495 Amado Nervo - de los Maestros,19.445528,-99.166934,39,11360,Miguel Hidalgo,Agricultura
470,537,CE-537 Fresno - Clavel,19.457543649054426,-99.15946327155324,23,06450,Cuauhtémoc,Atlampa
471,69,CE-069 Michoacán - Ámsterdam,19.410797,-99.168143,17,06100,Cuauhtémoc,Hipódromo
472,245,CE-245 Lago Onega-Av. Ejército Nacional,19.438347,-99.190503,21,11520,Miguel Hidalgo,Granada
473,425,CE-425 Nicolas San Juan-Avenida Universidad,19.36704,-99.167387,35,03104,Benito Juárez,Del Valle Sur
474,481,CE-481 Lago Garda - Mariano Escobedo,19.449367,-99.182461,19,11320,Miguel Hidalgo,Anáhuac I Sección / Anáhuac II Sección
475,502,CE-502 Mar Mediterráneo - Callejón de la Zanja,19.453432,-99.174636,35,11420,Miguel Hidalgo,Nextitla
476,504,CE-504 Mar Blanco - Calzada México Tacuba,19.455343,-99.179056,27,11400,Miguel Hidalgo,Popotla
477,498,CE-498 de los Maestros - Plan de Agua Prieta,19.453146248510524,-99.16645511990282,37,11350,Miguel Hidalgo,Plutarco Elías Calles
478,536,CE-536 Fresno - Eulalia Guzmán (Eje 2 Norte),19.458881,-99.159215,23,06450,Cuauhtémoc,Atlampa
479,497,CE-497 Manuel Carpio - Plan de Ayala,19.452688,-99.170157,51,11340,Miguel Hidalgo,Santo Tomas
480,492,CE-492 Lago Cuitzeo - Felipe Carrillo Puerto,19.449153,-99.173433,35,11320,Miguel Hidalgo,Anáhuac I Sección / Anáhuac II Sección
481,503,CE-503 Nextitla - Mar Egeo,19.455571630398424,-99.17513005440924,19,11420,Miguel Hidalgo,Nextitla
482,506,CE-506 Mar Mediterráneo - Mar Arábigo,19.459553,-99.185111,27,11410,Miguel Hidalgo,Legaria / Tacuba
483,507,CE-507 Mar Mediterráneo - Azcapotzalco,19.460292,-99.188303,31,11410,Miguel Hidalgo,Legaria / Tacuba
484,499,CE-499 de los Maestros - Calzada de los Gallos,19.455986,-99.165966,39,11350,Miguel Hidalgo,Plutarco Elías Calles
485,458,CE-458 Montes Urales-Volcán,19.428679,-99.206605,19,11000,Miguel Hidalgo,Lomas de Chapultepec (8 colonias)
486,541,CE-541 Eligio Ancona - Naranjo,19.45272,-99.158014,27,06400,Cuauhtémoc,Santa María la Ribera
487,482,CE-482 Lago Xochimilco - Laguna de San Cristóbal,19.444826,-99.178393,23,11320,Miguel Hidalgo,Anáhuac I Sección / Anáhuac II Sección
488,545,CE-545 Sabino - Salvador Díaz Mirón,19.44909838494388,-99.1599521041462,27,06400,Cuauhtémoc,Santa María la Ribera
489,486,CE-486 Izcoatl - Circuito Interior Melchor Ocampo,19.437334,-99.169573,23,11370,Miguel Hidalgo,Tlaxpana
490,98,CE-098 Emilio Dondé-Av. Balderas,19.430267,-99.14861,31,06040,Cuauhtémoc,Centro (Área 4)
491,490,CE-490 Lago Garda - FFCC,19.449023,-99.179622,23,11320,Miguel Hidalgo,Anáhuac I Sección / Anáhuac II Sección
492,672,CE-672 José María Velasco - Damas,19.363024,-99.182889,31,03900,Benito Juárez,San José Insurgentes
493,543,CE-543 Jaime Torres Bodet - Manuel Carpio,19.450506,-99.157375,27,06400,Cuauhtémoc,Santa María la Ribera
494,540,CE-540 Eucalipto - Ricardo Flores Magón,19.453965040246477,-99.1524680704424,23,06400,Cuauhtémoc,Santa María la Ribera
495,703,CE-703 Miguel Hidalgo - Calzada General Anaya,19.350776,-99.155379,23,04100,Coyoacán,Del Carmen
496,673,CE-673 Miguel Noreña - José María Ibarrarán,19.363153,-99.186963,35,03900,Benito Juárez,San José Insurgentes
497,700,CE-700 Abasolo - Miguel Hidalgo,19.350062,-99.160024,35,04100,Coyoacán,Del Carmen
498,704,CE-704 Pacífico - Asia,19.344842,-99.157702,23,04020,Coyoacán,Barrio La Concepción
499,709,CE-709 Inglaterra - Antigua Taxqueña,19.344275,-99.149988,23,04040,Coyoacán,Parque San Andrés
500,706,CE-706 Canadá - Acolotitla,19.347503,-99.15244,23,04030,Coyoacán,Barrio San Lucas
501,702,CE-702 Fernández Leal - Plaza de la Conchita,19.347246,-99.15857,31,04020,Coyoacán,Barrio La Concepción
502,708,CE-708 Irlanda-Canada,19.34641955256125,-99.1456691175972,27,04040,Coyoacán,Parque San Andrés
503,643,CE-643 Filipinas - Av. Pirineos,19.362323,-99.148805,39,03300,Benito Juárez,Portales Sur
504,597,CE-597 Diagonal San Antonio - Icacos,19.398858,-99.151211,27,03023,Benito Juárez,Narvarte Oriente
505,694,CE-694 Ignacio Aldama - Centenario,19.353243,-99.163753,23,04100,Coyoacán,Del Carmen
506,696,CE-696 México - Malintzin,19.351576,-99.164567,39,04100,Coyoacán,Del Carmen
507,626,CE-626 San Borja - Petén,19.382115,-99.153988,27,03600,Benito Juárez,Vértiz Narvarte
508,615,CE-615 Tajín - Universidad,19.38748,-99.153876,31,03023,Benito Juárez,Narvarte Oriente
509,630,CE-630 Cuicuilco - Motozintla,19.375677,-99.152953,30,03650,Benito Juárez,Letrán Valle
510,701,CE-701 Cuauhtémoc - Morelos,19.352052,-99.157981,23,04100,Coyoacán,Del Carmen
511,617,CE-617 Mitla - Eje 5 Sur,19.384589,-99.150517,31,03023,Benito Juárez,Narvarte Oriente
512,692,CE-692 Presidente Carranza - Francisco Sosa,19.349149,-99.169646,19,04010,Coyoacán,Barrio Santa Catarina
513,688,CE-688 Panzacola - Miguel Ángel de Quevedo,19.346975,-99.178791,33,04010,Coyoacán,Barrio Santa Catarina
514,661,CE-661 Madrid - Universidad,19.35675,-99.171769,27,04100,Coyoacán,Del Carmen
515,618,CE-618 Bartolomé R. Salido - Edzna,19.381824,-99.148086,31,03600,Benito Juárez,Vértiz Narvarte
516,602,CE-602 Correspondencia - Eje Central Lázaro Cárdenas,19.392523,-99.146194,35,03410,Benito Juárez,Postal
517,559,CE-559 Fernando de Alva Ixtlilxochitl - Diagonal 20 de noviembre,19.420029,-99.140999,27,06800,Cuauhtémoc,Obrera
518,691,CE-691 Melchor Ocampo - Dulce Olivia,19.347283,-99.170834,23,04010,Coyoacán,Barrio Santa Catarina
519,689,CE-689 G. Pérez Valenzuela - Salvador Novo,19.351426,-99.175455,23,04100,Coyoacán,Del Carmen
520,619,CE-619 Kiff - Rafael Solana Verduguillo,19.381277,-99.145804,23,03630,Benito Juárez,Independencia
521,649,CE-649 Héroes del 47 - Calzada de Tlalpan,19.35072,-99.146786,23,04120,Coyoacán,San Diego Churubusco / San Mateo
522,629,CE-629 Tajín - Chichen Itzá,19.376367,-99.155872,19,03650,Benito Juárez,Letrán Valle
523,562,CE-562 Claudio Bernard - José María Vertiz,19.42037,-99.146818,23,06720,Cuauhtémoc,Doctores
524,609,CE-609 Romero - Calzada de Tlalpan,19.384623,-99.139817,31,03610,Benito Juárez,Américas Unidas
525,623,CE-623 Fernando Montes de Oca - Antonio Rodríguez,19.375518,-99.144118,35,03660,Benito Juárez,San Simón Ticumac
526,651,CE-651 Héroes del 47 - División del Norte,19.351578,-99.150941,31,04120,Coyoacán,San Diego Churubusco / San Mateo
527,612,CE-612 Torres Adalid - Cumbres de Maltrata,19.388148,-99.148446,31,03023,Benito Juárez,Narvarte Oriente
528,577,CE-577 Doctor Márquez - Doctor Jiménez,19.411609,-99.15314,31,06720,Cuauhtémoc,Doctores
529,624,CE-624 Luis Spota - Eje Central Lázaro Cárdenas,19.377516,-99.148116,35,03660,Benito Juárez,San Simón Ticumac
530,620,CE-620 Fernando Montes de Oca - Priv. Lago,19.381804,-99.142997,23,03610,Benito Juárez,Américas Unidas
531,592,CE-592 Cádiz - Eje Central Lázaro Cárdenas,19.399664,-99.145136,27,03400,Benito Juárez,Álamos
532,637,CE-637 Ajusco - Emperadores,19.36576,-99.144413,23,03303,Benito Juárez,Portales Norte
533,604,CE-604 Andalucía - Carteros,19.390945,-99.142972,31,03410,Benito Juárez,Postal
534,634,CE-634 Rumania - Víctor Hugo,19.370133,-99.145866,27,03303,Benito Juárez,Portales Norte
535,568,CE-568 Doctor Barragán - Doctor Erazo,19.418013,-99.144598,23,06720,Cuauhtémoc,Doctores
536,639,CE-639 Bulgaria - Rumania,19.364528,-99.146988,23,03300,Benito Juárez,Portales Sur
537,573,CE-573 Fernando Ramírez - Isabel la Católica,19.412853,-99.138723,27,06800,Cuauhtémoc,Obrera
538,494,CE-494 Tláloc - Calzada México Tacuba,19.444053,-99.167429,22,11370,Miguel Hidalgo,Tlaxpana
539,563,CE-563 Doctor Velasco - Niños Héroes,19.419444,-99.149776,23,06720,Cuauhtémoc,Doctores
540,560,CE-560 Doctor Liceaga - Eje Central,19.421599,-99.143408,27,06720,Cuauhtémoc,Doctores
541,611,CE-611 Miguel Negrete - Niños Héroes de Chapultepec,19.387506,-99.146338,23,03440,Benito Juárez,Niños Héroes
542,567,CE-567 Doctor Martínez del Río - Doctor José Terrés,19.417133,-99.145649,23,06720,Cuauhtémoc,Doctores
543,589,CE-589 Cádiz - Calzada de Tlalpan,19.39859,-99.137732,23,03400,Benito Juárez,Álamos
544,564,CE-564 Doctor Carmona y Valle - Doctor Velasco,19.419509,-99.153227,23,06720,Cuauhtémoc,Doctores
545,633,CE-633 Canarias - Calzada Santa Cruz,19.372175,-99.146356,27,03660,Benito Juárez,San Simón Ticumac
546,664,CE-664 Hortensia - 2da cerrada de Minerva,19.355544,-99.178992,23,01030,Álvaro Obregón,Florida / Axotla
547,579,CE-579 Doctor Márquez - Privada Doctor Duran,19.410884,-99.144975,27,06720,Cuauhtémoc,Doctores
548,652,CE-652 Xicoténcatl - División del Norte,19.354876,-99.153611,23,04100,Coyoacán,Del Carmen
549,663,CE-663 Hortensia - Avenida Universidad,19.3548028,-99.1754194,23,01030,Álvaro Obregón,Florida / Axotla
550,603,CE-603 Castilla - Eje 4 sur Xola,19.394422,-99.143291,27,03400,Benito Juárez,Álamos
551,548,CE-548 Dr. Mariano Azuela - Jose Antonio Alzate,19.447028903088047,-99.1543111950432,39,06400,Cuauhtémoc,Santa María la Ribera
552,463,CE-463 Lago Andrómaco-Lago Zurich,19.443238843979103,-99.20280866324902,27,11529,Miguel Hidalgo,Ampliación Granada
553,662,CE-662 Manzano - Circuito Interior,19.362041,-99.175158,23,01030,Álvaro Obregón,Florida / Axotla
554,679,CE-679 Olivo - Tecoyotitla,19.354886,-99.184642,31,01030,Álvaro Obregón,Florida / Axotla
555,571,CE-571 Manuel M. Flores - Calzada San Antonio Abad,19.416221,-99.134909,35,06800,Cuauhtémoc,Obrera
556,578,CE-578 Doctor Jiménez - Doctor Federico Gómez Santos,19.408649,-99.151126,26,06720,Cuauhtémoc,Doctores
557,666,CE-666 Moras - Naranjo,19.3614885,-99.1774325,23,01030,Álvaro Obregón,Florida / Axotla
558,556,CE-556 Plaza Tlaxcoaque - Diagonal 20 de noviembre,19.423056,-99.134941,33,06090,Cuauhtémoc,Centro (Área 9)
559,678,CE-678 Francia - Tecoyotitla,19.3588634,-99.1829297,27,01030,Álvaro Obregón,Florida / Axotla
560,645,CE-645 Saratoga - Ajusco,19.358634,-99.152732,27,03300,Benito Juárez,Portales Sur
561,569,CE-569 Gutiérrez Nájera - Bolívar,19.415713,-99.141227,19,06800,Cuauhtémoc,Obrera
562,686,CE-686 Vito Alessio Robles - Universidad,19.352203,-99.178393,27,01030,Álvaro Obregón,Florida / Axotla
563,501,CE-501 Plan de Guadalupe /Ferrocarril de Cuernavaca - Eligio Ancona,19.454257,-99.172593,27,11420,Miguel Hidalgo,Nextitla
564,697,CE-697 Francisco Sosa - Tres Cruces,19.349277,-99.164921,35,04100,Coyoacán,Del Carmen
565,530,CE-530  Membrillo - Cda. Nueces,19.4645,-99.16948,27,02800,Azcapotzalco,Nueva Santa María
566,584,CE-584 Enrique Granados - José Peón Contreras (Eje 3),19.40697,-99.14383,31,06880,Cuauhtémoc,Algarin
567,580,CE-580 Antonio Solís - Bolívar,19.409817,-99.141643,19,06800,Cuauhtémoc,Obrera
568,575,CE-575 Fernando Ramírez - Eje Central,19.413235,-99.143476,29,06800,Cuauhtémoc,Obrera
569,590,CE-590 Fernando - Isabel la Católica,19.399172,-99.140625,31,03400,Benito Juárez,Álamos
570,650,CE-650 Xicoténcatl- Prolongación Xicoténcatl,19.355809,-99.149393,27,04120,Coyoacán,San Diego Churubusco / San Mateo
571,631,CE-631 Miguel Laurent - Eje Central,19.372907,-99.149207,27,03303,Benito Juárez,Portales Norte
572,687,CE-687 Francisco Sosa - Panzacola,19.349307,-99.179074,27,04010,Coyoacán,Barrio Santa Catarina
573,640,CE-640 Odesa - Bulgaria,19.367465,-99.148786,23,03303,Benito Juárez,Portales Norte
574,628,CE-628 Tenayuca - Chichen Itzá,19.378281,-99.15841,23,03650,Benito Juárez,Letrán Valle
575,510,CE-510 Egipto - Calle Norte 79 A,19.462152,-99.178291,23,02080,Azcapotzalco,Clavería / Sector Naval
576,635,CE-635 Calzada Santa Cruz - Antillas,19.370586,-99.142294,39,03303,Benito Juárez,Portales Norte
577,655,CE-655 Gomez Farias - Viena,19.357086311891955,-99.16019652040175,19,04100,Coyoacán,Del Carmen
578,531,CE-531 Norte 67 - Poniente 44,19.460356,-99.174283,35,02870,Azcapotzalco,San Salvador Xochimanca
579,684,CE-684 Vito Alessio Robles - Tecoyotitla,19.351594,-99.184772,31,01030,Álvaro Obregón,Florida / Axotla
580,613,CE-613 Luz Saviñón - Doctor José María Vertiz,19.390019,-99.15111,31,03023,Benito Juárez,Narvarte Oriente
581,557,CE-557 5 de Febrero - Fernando de Alva Ixtlilxochitl,19.41981,-99.135941,27,06800,Cuauhtémoc,Obrera
582,642,CE-642 Repúblicas - Monrovia,19.364106,-99.150541,23,03300,Benito Juárez,Portales Sur
583,512,CE-512 Clavería - Floresta,19.465638,-99.186178,27,02080,Azcapotzalco,Clavería / Sector Naval
584,665,CE-665 Moras - Mango,19.3589028,-99.1779972,23,01030,Álvaro Obregón,Florida / Axotla
585,594,CE-594 Xochicalco - Obrero Mundial,19.4022115,-99.1533118,31,03000,Benito Juárez,Piedad Narvarte
586,514,CE-514 José F. Gutiérrez - Invierno,19.470485,-99.188509,31,02099,Azcapotzalco,Ángel Zimbrón
587,525,CE-525 Boldo - Tila,19.4683001,-99.165619,23,02800,Azcapotzalco,Nueva Santa María
588,527,CE-527 Boldo - Alcanfores,19.464826,-99.163177,23,02800,Azcapotzalco,Nueva Santa María
589,516,CE-516 Texcoco - Nilo,19.46669,-99.180302,19,02080,Azcapotzalco,Clavería / Sector Naval
590,595,CE-595 Yacatas - Diagonal de San Antonio,19.396983,-99.155114,27,03020,Benito Juárez,Narvarte Poniente
591,517,CE-517 Ignacio Allende - Clavería,19.465377,-99.179197,27,02080,Azcapotzalco,Clavería / Sector Naval
592,519,CE-519 Poniente 58 - Cuitláhuac,19.464891,-99.177242,23,02840,Azcapotzalco,Obrero Popular
593,521,CE-521 Yuca - Clavelinas,19.466423,-99.173061,31,02830,Azcapotzalco,San Bernabé
594,518,CE-518 Heliópolis - Norte 79A,19.468315,-99.177386,27,02080,Azcapotzalco,Clavería / Sector Naval
595,654,CE-654 Londres - San Pedro,19.355942,-99.157461,23,04100,Coyoacán,Del Carmen
596,653,CE-653 Londres - División del Norte,19.356689,-99.153269,23,04100,Coyoacán,Del Carmen
597,707,CE-707 Irlanda - División del Norte,19.348076,-99.14906,27,04040,Coyoacán,Parque San Andrés
598,542,CE-542 Dr. Enrique González Martínez - Eligio Ancona,19.451838,-99.154584,23,06400,Cuauhtémoc,Santa María la Ribera
599,636,CE-636 Ajusco - Antillas,19.367131,-99.142838,23,03303,Benito Juárez,Portales Norte
600,561,CE-561 Dr. Jiménez - Dr. Lavista,19.423673,-99.147957,27,06720,Cuauhtémoc,Doctores
601,585,CE-585 José Toribio Medina - Manuel Navarrete,19.405358,-99.14316,27,06880,Cuauhtémoc,Algarin
602,600,CE-600 Cumbres de Acultzingo - Av. Universidad,19.392463,-99.150544,31,03023,Benito Juárez,Narvarte Oriente
603,599,CE-599 La Morena - Zempoala,19.398143,-99.148333,27,03023,Benito Juárez,Narvarte Oriente
604,638,CE-638 Av Pirineos - C. Antillas,19.361743,-99.143867,19,03300,Benito Juárez,Portales Sur
605,591,CE-591 Simón Bolívar - La Coruña,19.402088,-99.142976,27,03400,Benito Juárez,Álamos
606,500,CE-500 Plan de Guadalupe /Ferrocarril de Cuernavaca - Juan Sarabia,19.456546,-99.169344,23,11350,Miguel Hidalgo,Plutarco Elías Calles
607,484,CE-484 Laguna Mayran - Lago Cuitzeo,19.44046,-99.174564,15,11320,Miguel Hidalgo,Anáhuac I Sección / Anáhuac II Sección
608,601,CE-601 Navarra - Fernando,19.395888,-99.145344,31,03400,Benito Juárez,Álamos
609,685,CE-685 Av De la Paz - Insurgentes,19.34769884286648,-99.18690070520825,27,01070,Álvaro Obregón,Chimalistac
610,535,CE-535 Av. Jardín - Orquídea,19.461773,-99.162241,19,02860,Azcapotzalco,Tlatilco
611,544,CE-544 Salvador Díaz Mirón - Nogal,19.449773,-99.163136,23,06400,Cuauhtémoc,Santa María la Ribera
613,106,CE-106 San Jerónimo-José María Pino Suarez,19.42649,-99.133537,23,06090,Cuauhtémoc,Centro (Área 9)
614,695,CE-695 Malintzin - Allende,19.352141,-99.16225,23,04100,Coyoacán,Del Carmen
615,607,CE-607 Unión Postal - Calzada de Tlalpan,19.39091,-99.138953,19,03410,Benito Juárez,Postal
616,690,CE-690 Tata Vasco - Av. Miguel Ángel de Quevedo,19.345966,-99.172975,23,04010,Coyoacán,Barrio Santa Catarina
617,648,CE-648 Rafael Olivia - 20 de agosto,19.354411,-99.147795,25,04120,Coyoacán,San Diego Churubusco / San Mateo
618,693,CE-693 Xicoténcatl - Vicente Guerrero,19.352531,-99.164913,31,04100,Coyoacán,Del Carmen
619,644,CE-644 Monrovia - Popocatépetl (Eje 8 Sur),19.361371,-99.150619,23,03300,Benito Juárez,Portales Sur
620,705,CE-705 Europa - Miguel Ángel de Quevedo,19.344107,-99.155933,27,04020,Coyoacán,Barrio La Concepción
621,539,CE-539 Naranjo - Av. Ricardo Flores Magon,19.4551042,-99.1576905,23,06450,Cuauhtémoc,Atlampa
622,538,CE-538 Nogal - Eligio Ancona,19.453778,-99.163128,23,06400,Cuauhtémoc,Santa María la Ribera
623,588,CE-588  Av. Fernando - La coruña,19.401175,-99.13748,30,03400,Benito Juárez,Álamos
624,558,CE-558 Chimalpopoca - Simón Bolívar,19.4223,-99.139872,27,06800,Cuauhtémoc,Obrera
625,593,CE-593 Zempoala - Diagonal de San Antonio,19.401018,-99.147952,31,03023,Benito Juárez,Narvarte Oriente
626,699,CE-699 San Gregorio - Felipe Carrillo Puerto,19.346895,-99.163868,19,04000,Coyoacán,Villa Coyoacán
627,491,CE-491 Colegio Salesiano - Lago Catemaco,19.44946,-99.17666,23,11320,Miguel Hidalgo,Anáhuac I Sección / Anáhuac II Sección
628,627,CE-627 San Borja - Av. Universidad,19.382606,-99.156592,31,03600,Benito Juárez,Vértiz Narvarte
629,621,CE-621 Lago Poniente - Calzada de Tlalpan,19.379458,-99.140943,26,03640,Benito Juárez,Del Lago
630,605,CE-605 5 de Febrero - Alfonso XIII,19.395063,-99.139476,27,03400,Benito Juárez,Álamos
631,674,CE-674 Silvestre Revueltas - Macedonio Alcalá,19.361846,-99.186814,27,01020,Álvaro Obregón,Guadalupe Inn
632,528,CE-528 Tlatilco - Av. Jardín,19.464964,-99.160455,27,02860,Azcapotzalco,Tlatilco
633,598,CE-598 Palenque - Cumbres de Maltrata,19.3931,-99.152012,31,03023,Benito Juárez,Narvarte Oriente
634,671,CE-671 Plateros - Jose María Velasco,19.364577,-99.186288,36,03900,Benito Juárez,San José Insurgentes
635,583,CE-583 Ángel del Campo - 5 de Febrero,19.408087,-99.137763,35,06800,Cuauhtémoc,Obrera
636,493,CE-493 Lago Tláhuac - Laguna de Guzmán,19.445916,-99.170401,19,11320,Miguel Hidalgo,Anáhuac I Sección / Anáhuac II Sección
637,572,CE-572 Manuel J. Othón - José T. Cuellar,19.414677,-99.136894,27,06800,Cuauhtémoc,Obrera
638,596,CE-596 Cumbres de Maltrata - Uxmal,19.395205,-99.155049,27,03020,Benito Juárez,Narvarte Poniente
639,186,CE-186 Gob. Gregorio V. Gelati-Gral. Francisco Molinos del Campo,19.412438,-99.188493,15,11850,Miguel Hidalgo,San Miguel Chapultepec II Sección / San Miguel Chapultepec I Sección
640,442,CE-442  Real de Mayorazgo - Avenida México - Coyoacán,19.359863,-99.165065,23,03330,Benito Juárez,Xoco
641,570,CE-570 Alfredo Chavero - Simón Bolívar,19.417595,-99.140972,27,06800,Cuauhtémoc,Obrera
642,647,CE-647 Antillas - Nevado,19.359256,-99.144433,23,03300,Benito Juárez,Portales Sur
643,608,CE-608 Ahorro Postal - Francisco Márquez,19.3884304,-99.1397718,51,03430,Benito Juárez,Josefa Ortiz de Domínguez
644,698,CE-698 Cerrada Zamora - Av. Miguel Ángel de Quevedo,19.3447824,-99.1635837,15,04000,Coyoacán,Villa Coyoacán
645,610,CE-610  Av. Víctor Hugo - Av. Niños Héroes de Chapultepec,19.387174,-99.143708,31,03440,Benito Juárez,Niños Héroes
646,641,CE-641 Sevilla - Av. Presidentes,19.368156,-99.151883,23,03303,Benito Juárez,Portales Norte
647,534,CE-534 Tlatilco - Jazmín,19.4587727,-99.1644993,27,02860,Azcapotzalco,Tlatilco
648,574,CE-574 José María Roa Bárcenas - Simón Bolívar,19.411768,-99.140899,15,06800,Cuauhtémoc,Obrera
649,616,CE-616 Petén - Eje 5 Sur,19.384965,-99.1535881,23,03023,Benito Juárez,Narvarte Oriente
650,646,CE-646  Rumania - Av. Popocatépetl,19.360545,-99.147501,27,03300,Benito Juárez,Portales Sur
651,489,CE-489 Lago Chalco - Laguna Tamiahua,19.446383,-99.17598,27,11320,Miguel Hidalgo,Anáhuac I Sección / Anáhuac II Sección
652,614,CE-614 Torres Adalid - Av. Cuauhtémoc,19.389293,-99.156348,27,03020,Benito Juárez,Narvarte Poniente
653,632,CE-632 Victor Hugo - Sevilla,19.370891,-99.151577,27,03303,Benito Juárez,Portales Norte
654,625,CE-625 Zempoala - Angel Urraza,19.379442,-99.150064,19,03630,Benito Juárez,Independencia
655,581,CE-581 José María Roa Bárcenas - San Antonio Abad,19.411398,-99.135655,27,06800,Cuauhtémoc,Obrera
656,513,CE-513 Av. Aquiles Serdán - Av. Invierno,19.469578,-99.189828,39,02099,Azcapotzalco,Ángel Zimbrón
657,197,CE-197 Presa Falcón - Miguel De Cervantes Saavedra,19.44092461896645,-99.20504942541812,31,11529,Miguel Hidalgo,Ampliación Granada
658,576,CE-576 Doctor Arce - Jose Maria Vertiz,19.413464371675584,-99.14802946153031,27,06720,Cuauhtémoc,Doctores
659,520,CE-520 Salónica - Eje 3 Norte Camarones,19.470699086375355,-99.17832344770432,33,02060,Azcapotzalco,Sindicato Mexicano de Electricistas / Un Hogar Para Cada Trabajador
660,606,CE-606 Alfonso XIII - Aragón,19.394974,-99.138949,27,03400,Benito Juárez,Álamos
662,566,CE-566 Dr. Jiménez - Dr. García Diego,19.416239,-99.149542,23,06720,Cuauhtémoc,Doctores
663,565,CE-565 Dr. Martinez del Rio - Dr. Lucio,19.4176712000745,-99.15278613567352,23,06720,Cuauhtémoc,Doctores
664,587,CE-587 Jose Toribio Medina - Marcelino Davalos,19.404668302672064,-99.13694635033607,27,06880,Cuauhtémoc,Algarin
665,586,CE-586 Bernardo Couto-Juan E. Hernández y Davalos,19.40632606093993,-99.13877864484677,27,06880,Cuauhtémoc,Algarin
666,526,CE-526 Toronjil - Mejorana,19.466952,-99.162928,19,02810,Azcapotzalco,Ignacio Allende / Victoria de las Democracias
667,547,CE-547 Dr. Enrique González Martínez - Salvador Díaz Mirón,19.447481,-99.155443,31,06400,Cuauhtémoc,Santa María la Ribera
668,488,CE-488 Huetzin - Cuitláhuac,19.444812,-99.170307,31,11320,Miguel Hidalgo,Anáhuac I Sección / Anáhuac II Sección
669,683,CE-683 Pedro Luis Ogazón-Insurgentes Sur,19.35038263626101,-99.18722301721571,27,01000,Álvaro Obregón,San Ángel
670,582,CE-582 Antonio Solis-San Antonio Abad,19.40948,-99.135894,19,06800,Cuauhtémoc,Obrera
671,522,CE-522 Prol. Nueces - Av. Cuitlahuac,19.470597,-99.1700529,27,02500,Azcapotzalco,Unidad Cuitlahuac
672,523,CE-523 Toronjil - Av. Cuitlahuac,19.471112,-99.165294,19,02810,Azcapotzalco,Ignacio Allende / Victoria de las Democracias
673,508,CE-508 Libertad-C. José Sánchez Trujillo,19.462364,-99.183671,19,02090,Azcapotzalco,San Álvaro
674,515,CE-515 Tebas-C. Salónica,19.469621805880028,-99.18408215045928,19,02070,Azcapotzalco,Del Recreo / Nextengo
678,532,CE-532  Av. Biólogo Maximino Martínez - Camarones,19.4608358,-99.1711512,21,02870,Azcapotzalco,San Salvador Xochimanca
681,509,CE-509  Juárez - Venecia,19.459686,-99.1817781,23,02090,Azcapotzalco,San Álvaro
682,533,CE-533  Av Plan de San Luis - Eulalia Gúzman,19.4604943,-99.1672704,23,02800,Azcapotzalco,Nueva Santa María
683,440,CE-440  Martin Mendalde - M. López Cotilla,19.3617925,-99.1714707,27,03240,Benito Juárez,Acacias
684,676,CE-676  Ricardo Palmerín - Abundio Martínez,19.3582358,-99.1881061,19,01020,Álvaro Obregón,Guadalupe Inn
685,680,CE-680  Diego Becerra - Av. Revolución,19.366701,-99.188228,27,03900,Benito Juárez,San José Insurgentes
686,675,CE-675 Manuel Castro Padilla - Av. Revolución,19.3625257,-99.1889584,35,01020,Álvaro Obregón,Guadalupe Inn
694,529,CE-529  Av Plan de San Luis - Calle Clavelinas,19.465541,-99.166726,19,02800,Azcapotzalco,Nueva Santa María
695,677,CE-677  Juan Pablo II - Av. de los Insurgentes Sur,19.35904,-99.184498,35,01020,Álvaro Obregón,Guadalupe Inn
697,511,CE-511 Palestina - Egipto,19.463941,-99.18228,27,02080,Azcapotzalco,Clavería / Sector Naval
698,682,CE-682 Manuel M. Ponce - Fernando M. Villalpando,19.353534,-99.189548,23,01020,Álvaro Obregón,Guadalupe Inn
699,681,CE-681 Guty Cárdenas - Ricardo Castro,19.355844,-99.189141,19,01020,Álvaro Obregón,Guadalupe Inn
700,711,CE-711 Molino del Rey - Av. Constituyentes,19.414108,-99.191983,39,11580,Miguel Hidalgo,Bosque de Chapultepec I Sección
701,505,CE-505 Mar Negro - Mariano Escobedo,19.455319,-99.181368,23,11400,Miguel Hidalgo,Popotla
702,524,CE-524 Malvón - Juan Sarabia,19.468119,-99.167268,23,02800,Azcapotzalco,Nueva Santa María
705,260,CE-260 Av. Juárez-Balderas,19.4353114,-99.1477856,21,06040,Cuauhtémoc,Centro (Área 4)
